Rk,Player,Pos,Age,Tm,G,MP,PER,TS%,3PAr,FTr,ORB%,DRB%,TRB%,AST%,STL%,BLK%,TOV%,USG%,0,OWS,DWS,WS,WS/48,0,OBPM,DBPM,BPM,VORP,G,GS,MP,FG,FGA,FG%,3P,3PA,3P%,2P,2PA,2P%,eFG%,FT,FTA,FT%,ORB,DRB,TRB,AST,STL,BLK,TOV,PF,PTS
1,Precious Achiuwa,C,23,TOR,12,245,14,0.493,0.304,0.359,10.3,29,19.2,9.4,0.4,2.9,12.3,20.9,0,0.1,0.2,0.3,0.063,0,-2.1,-1.8,-3.9,-0.1,12,0,245,36,92,0.391,5,28,0.179,31,64,0.484,0.418,28,33,0.848,24,60,84,16,2,7,15,19,105
2,Steven Adams,C,29,MEM,14,365,16,0.564,0,0.463,20.5,24.2,22.4,12.8,1.3,4,28.4,12.8,0,0.3,0.5,0.8,0.105,0,-1.5,0.4,-1.1,0.1,14,14,365,41,67,0.612,0,0,0,41,67,0.612,0.612,9,31,0.29,70,83,153,36,10,16,32,40,91
3,Bam Adebayo,C,25,MIA,14,490,17.5,0.59,0.026,0.352,7.8,22.9,15.1,16.1,1.7,2.3,18.1,24.8,0,0.3,0.7,1,0.097,0,-1.1,0.7,-0.5,0.2,14,14,490,104,196,0.531,0,5,0,104,191,0.545,0.531,59,69,0.855,34,94,128,47,17,11,50,48,267
4,Ochai Agbaji,SG,22,UTA,6,67,6.6,0.453,0.316,0.368,6.5,9.8,8.1,2,0,0,0,13.7,0,0,0,0.1,0.038,0,-4.8,-3.6,-8.4,-0.1,6,0,67,8,19,0.421,0,6,0,8,13,0.615,0.421,4,7,0.571,4,6,10,1,0,0,0,6,20
5,Santi Aldama,PF,22,MEM,15,413,13.7,0.555,0.45,0.2,7,17.3,12.1,4.5,1.6,3.8,7.1,14.1,0,0.5,0.5,1,0.119,0,-1,0.8,-0.1,0.2,15,14,413,56,120,0.467,18,54,0.333,38,66,0.576,0.542,15,24,0.625,27,67,94,14,14,17,10,42,145
6,Nickeil Alexander-Walker,SG,24,UTA,9,70,9,0.445,0.481,0.185,0,9.3,4.7,19.1,3.4,3.5,14.6,20.3,0,-0.1,0.1,0,0.023,0,-5,1.1,-3.8,0,9,0,70,9,27,0.333,4,13,0.308,5,14,0.357,0.407,4,5,0.8,0,6,6,10,5,3,5,11,26
7,Grayson Allen,SG,27,MIL,12,305,12.6,0.616,0.635,0.353,3.1,7.6,5.4,13.9,1.6,0.8,16.2,15.9,0,0.4,0.4,0.8,0.133,0,-0.8,0.8,0,0.1,12,11,305,35,85,0.412,23,54,0.426,12,31,0.387,0.547,28,30,0.933,9,23,32,30,10,3,19,19,121
8,Jarrett Allen,C,24,CLE,12,390,18.3,0.595,0.016,0.315,12.6,28.7,20.7,5.4,0.6,3.6,10.7,17.6,0,0.7,0.6,1.4,0.17,0,0.6,0.4,1,0.3,12,12,390,69,124,0.556,0,2,0,69,122,0.566,0.556,30,39,0.769,42,96,138,14,5,15,17,27,168
9,Jose Alvarado,PG,24,NOP,14,266,13.7,0.584,0.533,0.098,2.1,10.2,6.1,21.7,2.2,1,15.8,18.2,0,0.3,0.3,0.6,0.102,0,-0.5,0.5,0,0.1,14,2,266,43,92,0.467,20,49,0.408,23,43,0.535,0.576,6,9,0.667,5,24,29,42,12,3,18,29,112
10,Kyle Anderson,PF,29,MIN,10,193,15.2,0.667,0.325,0.325,2.3,13.4,8.1,19.8,2,2.3,14.9,11.7,0,0.4,0.2,0.6,0.146,0,0.8,1.5,2.4,0.2,10,2,193,22,40,0.55,6,13,0.462,16,27,0.593,0.625,11,13,0.846,4,25,29,29,8,5,8,12,61
11,Giannis Antetokounmpo,PF,28,MIL,10,326,29.6,0.584,0.156,0.611,5.7,31,18.5,33.3,1.6,3.3,12.4,38.9,0,0.7,0.8,1.5,0.222,0,5.7,3.8,9.6,1,10,10,326,111,211,0.526,8,33,0.242,103,178,0.579,0.545,83,129,0.643,18,100,118,52,11,13,38,32,313
12,Thanasis Antetokounmpo,SF,30,MIL,7,19,1.9,0,0,0,5.4,21.3,13.4,6.4,0,4.3,50,4.4,0,0,0,0,0.008,0,-8.6,1.2,-7.5,0,7,0,19,0,1,0,0,0,0,0,1,0,0,0,0,0,1,4,5,1,0,1,1,2,0
13,Cole Anthony,PG,22,ORL,4,122,14.1,0.52,0.377,0.283,3,13.9,8.8,21.5,1.2,2.3,11.8,23.9,0,0.1,0.1,0.2,0.077,0,-0.2,0.1,0,0.1,4,3,122,22,53,0.415,7,20,0.35,15,33,0.455,0.481,11,15,0.733,3,16,19,17,3,3,8,14,62
14,OG Anunoby,SF,25,TOR,15,532,16,0.563,0.359,0.239,4.2,15.8,9.7,8,3.7,2.8,13.2,21.1,0,0.3,0.8,1.1,0.096,0,-0.8,1.1,0.3,0.3,15,15,532,96,209,0.459,27,75,0.36,69,134,0.515,0.524,41,50,0.82,21,71,92,28,40,15,35,50,260
15,Ryan Arcidiacono,PG,28,NYK,3,6,8.5,0,1,0,0,35.1,17.3,19.2,7.9,0,0,6.9,0,0,0,0,0.057,0,-10.4,11.8,1.3,0,3,0,6,0,1,0,0,1,0,0,0,0,0,0,0,0,0,2,2,1,1,0,0,1,0
16,Deni Avdija,SF,22,WAS,14,315,8.8,0.491,0.409,0.25,3.2,17.7,10.7,11.8,1.4,2.2,14.8,16.1,0,-0.2,0.4,0.2,0.037,0,-4.4,0.7,-3.7,-0.1,14,11,315,34,88,0.386,11,36,0.306,23,52,0.442,0.449,17,22,0.773,9,52,61,27,9,8,17,41,96
17,Deandre Ayton,C,24,PHO,11,300,17.5,0.604,0.064,0.152,11.2,21.8,16.4,9.1,1.2,1.9,15.3,22.8,0,0.3,0.4,0.7,0.116,0,-0.1,-0.6,-0.7,0.1,11,11,300,72,125,0.576,3,8,0.375,69,117,0.59,0.588,14,19,0.737,30,55,85,17,7,6,24,37,161
18,Udoka Azubuike,C,23,UTA,5,20,29.1,0.833,0,0,10.8,38.1,24.4,8,4.8,8.1,25,16.6,0,0,0.1,0.1,0.231,0,3.6,5.2,8.8,0.1,5,0,20,5,6,0.833,0,0,0,5,6,0.833,0.833,0,0,0,2,7,9,1,2,2,2,1,10
19,Marvin Bagley III,PF,23,DET,2,46,15.8,0.577,0.188,0.188,11.2,9.4,10.3,3.6,1,3.7,10.4,17.5,0,0.1,0,0.1,0.076,0,0.2,-1.7,-1.5,0,2,1,46,8,16,0.5,1,3,0.333,7,13,0.538,0.531,3,3,1,5,4,9,1,1,2,2,3,20
20,Patrick Baldwin Jr.,SF,20,GSW,2,5,-7.4,0,1,0,0,0,0,0,0,0,0,8.4,0,0,0,0,-0.213,0,-9.8,-5.9,-15.7,0,2,0,5,0,1,0,0,1,0,0,0,0,0,0,0,0,0,0,0,0,0,0,0,0,0
21,LaMelo Ball,PG,21,CHO,2,62,8.8,0.429,0.667,0.083,0,17.7,8.6,37.6,0.8,1.4,15.8,30.1,0,-0.1,0.1,-0.1,-0.073,0,-3.5,-4.2,-7.7,-0.1,2,2,62,12,36,0.333,5,24,0.208,7,12,0.583,0.403,3,3,1,0,10,10,15,1,1,7,7,32
22,Mo Bamba,C,24,ORL,13,197,16.1,0.585,0.42,0.232,9.2,21,15.5,10.1,0.5,4.3,11.6,18.9,0,0.3,0.2,0.5,0.126,0,-0.1,0.4,0.3,0.1,13,0,197,35,69,0.507,9,29,0.31,26,40,0.65,0.572,10,16,0.625,15,39,54,13,2,9,10,25,89
23,Paolo Banchero,PF,20,ORL,11,381,19.2,0.556,0.223,0.472,2.9,22.8,13.5,17.6,1,2.5,12.4,30.2,0,0.4,0.4,0.8,0.104,0,1,-0.4,0.5,0.2,11,11,381,89,193,0.461,11,43,0.256,78,150,0.52,0.49,70,91,0.769,9,82,91,40,8,10,33,26,259
24,Desmond Bane,SG,24,MEM,12,403,21.8,0.622,0.479,0.268,1.6,14,7.8,22.3,0.8,0.7,10.2,27.3,0,1.3,0.3,1.6,0.192,0,5.4,-0.8,4.6,0.7,12,12,403,99,213,0.465,46,102,0.451,53,111,0.477,0.573,52,57,0.912,6,53,59,57,7,3,27,29,296
25,Dalano Banton,PG,23,TOR,14,147,20.9,0.576,0.431,0.222,4.3,10.5,7.2,17.6,2.7,6.8,11.2,25.5,0,0.2,0.2,0.4,0.141,0,2.8,1.3,4.1,0.2,14,1,147,33,72,0.458,11,31,0.355,22,41,0.537,0.535,14,16,0.875,6,13,19,16,8,10,10,14,91
26,Dominick Barlow,SF,19,SAS,1,10,6.9,0.333,0.667,0,0,11.6,5.6,38.9,0,0,0,12.4,0,0,0,0,0.036,0,-5.1,-0.5,-5.6,0,1,0,10,1,3,0.333,0,2,0,1,1,1,0.333,0,0,0,0,1,1,3,0,0,0,2,2
27,Harrison Barnes,PF,30,SAC,13,403,12.2,0.564,0.411,0.495,4.5,15.8,10.2,9,1.2,0.6,9.1,15.3,0,0.5,0.3,0.8,0.089,0,-1,-1,-2,0,13,13,403,46,107,0.43,11,44,0.25,35,63,0.556,0.481,44,53,0.83,15,54,69,28,10,3,13,20,147
28,Scottie Barnes,PF,21,TOR,14,449,14.6,0.5,0.295,0.142,5.9,17.4,11.3,22.5,1.4,2.2,13.4,20.3,0,0.2,0.4,0.6,0.065,0,0.3,-0.9,-0.6,0.2,14,14,449,76,176,0.432,17,52,0.327,59,124,0.476,0.48,18,25,0.72,25,66,91,68,13,10,29,22,187
29,RJ Barrett,SG,22,NYK,14,479,12.3,0.511,0.341,0.323,2.8,13.2,7.9,12.7,0.7,0.4,10.4,24.8,0,0,0.2,0.3,0.028,0,-1.2,-2.2,-3.3,-0.1,14,14,479,94,226,0.416,22,77,0.286,72,149,0.483,0.465,54,73,0.74,13,60,73,41,7,2,30,30,264
30,Will Barton,SG,32,WAS,14,334,10.3,0.494,0.459,0.123,2,13.8,8.1,15.1,1.2,1.1,12.3,19.4,0,-0.2,0.3,0.2,0.024,0,-2.4,-0.5,-2.9,-0.1,14,0,334,47,122,0.385,19,56,0.339,28,66,0.424,0.463,14,15,0.933,6,43,49,35,8,4,18,17,127
31,Charles Bassey,C,22,SAS,6,102,20.9,0.705,0.2,0.24,17,31.7,24.1,15.1,1.4,8.9,26.6,15.3,0,0.2,0.2,0.3,0.162,0,-0.4,2.9,2.5,0.1,6,0,102,16,25,0.64,2,5,0.4,14,20,0.7,0.68,5,6,0.833,16,28,44,11,3,11,10,19,39
32,Keita Bates-Diop,SF,27,SAS,14,203,15.5,0.591,0.244,0.244,10.7,10.8,10.7,6.6,1.9,0,13.9,20.5,0,0.2,0.1,0.3,0.062,0,0.3,-2.5,-2.2,0,14,3,203,40,78,0.513,6,19,0.316,34,59,0.576,0.551,16,19,0.842,20,19,39,9,8,0,14,7,102
33,Nicolas Batum,PF,34,LAC,15,275,11.7,0.632,0.75,0.232,5.2,18.7,12.4,10.2,1.2,4.3,18.5,12.3,0,0.2,0.5,0.7,0.12,0,-1.8,2.1,0.3,0.2,15,1,275,26,56,0.464,18,42,0.429,8,14,0.571,0.625,8,13,0.615,12,49,61,20,7,13,14,37,78
34,Darius Bazley,PF,22,OKC,11,184,16.7,0.479,0.281,0.172,9.9,20,14.8,12.1,2.3,6.7,8,16.8,0,0.1,0.3,0.4,0.117,0,0,1.8,1.8,0.2,11,0,184,27,64,0.422,7,18,0.389,20,46,0.435,0.477,5,11,0.455,18,34,52,17,9,14,6,16,66
35,Bradley Beal,SG,29,WAS,9,316,20,0.611,0.28,0.252,2.1,8.8,5.6,26.8,1.2,2,13.1,25.6,0,0.6,0.3,0.9,0.138,0,3,-0.7,2.2,0.3,9,9,316,74,143,0.517,13,40,0.325,61,103,0.592,0.563,33,36,0.917,6,26,32,51,8,7,24,18,194
36,Malik Beasley,SG,26,UTA,16,407,13.8,0.58,0.659,0.079,2.9,12,7.5,6.3,1.8,0.6,6.6,18.5,0,0.5,0.4,0.9,0.107,0,1.2,-0.5,0.7,0.3,16,2,407,70,164,0.427,45,108,0.417,25,56,0.446,0.564,12,13,0.923,11,45,56,18,15,3,12,17,197
37,MarJon Beauchamp,SF,22,MIL,10,181,9.8,0.54,0.569,0.154,5.7,15.1,10.4,3.3,1.6,0.9,14.7,18.7,0,-0.1,0.3,0.2,0.063,0,-4.2,-0.1,-4.3,-0.1,10,4,181,28,65,0.431,12,37,0.324,16,28,0.571,0.523,7,10,0.7,10,27,37,4,6,2,12,21,75
38,Patrick Beverley,PG,34,LAL,11,309,6.4,0.421,0.63,0.278,3,11.1,7,13.5,1.8,1.4,14.2,9.6,0,-0.1,0.3,0.2,0.031,0,-5.3,1.3,-4,-0.2,11,11,309,15,54,0.278,8,34,0.235,7,20,0.35,0.352,13,15,0.867,9,32,41,33,12,5,10,35,51
39,Saddiq Bey,SF,23,DET,15,474,14.2,0.574,0.48,0.416,3.7,12.1,7.8,7.7,1.3,0.5,9.3,19.9,0,0.6,0.1,0.7,0.073,0,0.2,-1.5,-1.3,0.1,15,14,474,72,173,0.416,25,83,0.301,47,90,0.522,0.488,66,72,0.917,17,53,70,23,13,3,21,26,235
40,Khem Birch,C,30,TOR,5,38,13.2,0.799,0.167,0.333,8.3,6.2,7.3,7.1,3.9,2.6,22.5,9.9,0,0.1,0,0.1,0.16,0,-4.1,2.4,-1.8,0,5,0,38,4,6,0.667,1,1,1,3,5,0.6,0.75,2,2,1,3,2,5,2,3,1,2,10,11
41,Goga Bitadze,C,23,IND,8,105,14.3,0.543,0.259,0.519,13.6,14.5,14.1,15.6,1.8,3.5,15.3,15.2,0,0.1,0.1,0.2,0.109,0,-2.2,0.6,-1.5,0,8,0,105,14,27,0.519,1,7,0.143,13,20,0.65,0.537,7,14,0.5,13,14,27,12,4,4,6,18,36
42,Bismack Biyombo,C,30,PHO,11,130,14.7,0.581,0,0.333,6.9,25.6,16,6.2,0.8,13.6,18.4,12.7,0,0.1,0.3,0.3,0.125,0,-3.9,3.6,-0.3,0.1,11,2,130,15,27,0.556,0,0,0,15,27,0.556,0.556,6,9,0.667,8,28,36,6,2,19,7,20,36
43,Buddy Boeheim,PG,23,DET,1,1,0,0,0,0,0,0,0,0,0,0,0,0,0,0,0,0,-0.03,0,-8,-2.5,-10.6,0,1,0,1,0,0,0,0,0,0,0,0,0,0,0,0,0,0,0,0,0,0,0,0,0,0
44,Bojan Bogdanović,PF,33,DET,15,468,17.6,0.662,0.515,0.372,1.3,10.8,6,12,0.6,0,12,23.1,0,1.1,0,1.1,0.109,0,3.4,-2.1,1.3,0.4,15,15,468,98,196,0.5,42,101,0.416,56,95,0.589,0.607,64,73,0.877,6,47,53,32,6,0,31,30,302
45,Bol Bol,PF,23,ORL,14,336,19.2,0.722,0.248,0.267,7.2,27.2,17.8,4.2,0.3,7.6,20.4,18.2,0,0.5,0.5,1,0.143,0,1,1.3,2.3,0.4,14,9,336,64,101,0.634,12,25,0.48,52,76,0.684,0.693,23,27,0.852,20,86,106,9,2,27,29,22,163
46,Leandro Bolmaro,SG,22,UTA,3,21,1.6,0.286,0.286,0,5.2,0,2.6,12.2,4.6,3.8,22.2,17.8,0,-0.1,0,-0.1,-0.114,0,-10.6,0.1,-10.6,0,3,0,21,2,7,0.286,0,2,0,2,5,0.4,0.286,0,0,0,1,0,1,2,2,1,2,4,4
47,Devin Booker,SG,26,PHO,13,478,21.6,0.586,0.308,0.3,3.1,12.2,7.5,24.9,1.6,1.2,10.6,29.9,0,1.1,0.5,1.7,0.166,0,4.7,-0.3,4.4,0.8,13,13,478,124,260,0.477,30,80,0.375,94,180,0.522,0.535,67,78,0.859,13,49,62,72,15,6,35,32,345
48,Brandon Boston Jr.,SG,21,LAC,5,16,21.7,0.597,0.3,0.2,7.5,6.6,7,0,0,0,0,30.4,0,0,0,0,0.121,0,5.4,-1.6,3.8,0,5,0,16,5,10,0.5,2,3,0.667,3,7,0.429,0.6,1,2,0.5,1,1,2,0,0,0,0,1,13
49,Chris Boucher,PF,30,TOR,12,268,19.5,0.613,0.392,0.363,10.2,17.3,13.5,4.6,2,4.5,9.9,20.7,0,0.6,0.3,0.9,0.162,0,0.5,-0.7,-0.2,0.1,12,0,268,52,102,0.51,14,40,0.35,38,62,0.613,0.578,27,37,0.73,26,39,65,8,11,12,13,36,145
50,James Bouknight,SG,22,CHO,15,270,5,0.419,0.531,0.163,1.5,12.2,6.7,10.9,1.1,1.3,12.5,18.7,0,-0.5,0.2,-0.3,-0.055,0,-6.1,-1.2,-7.2,-0.3,15,0,270,33,98,0.337,12,52,0.231,21,46,0.457,0.398,10,16,0.625,4,30,34,21,6,4,15,24,88
51,Tony Bradley,C,25,CHI,4,10,13.2,0.532,1,2,11.1,45.8,28.1,0,0,0,0,8,0,0,0,0,0.159,0,0.2,-3.6,-3.4,0,4,0,10,0,1,0,0,1,0,0,0,0,0,2,2,1,1,4,5,0,0,0,0,0,2
52,Malaki Branham,SF,19,SAS,4,78,5.1,0.392,0.536,0.214,2.8,10.4,6.4,13.4,0.6,0,8.9,17.9,0,-0.1,0,-0.1,-0.059,0,-5.1,-3,-8.1,-0.1,4,2,78,8,28,0.286,3,15,0.2,5,13,0.385,0.339,5,6,0.833,2,7,9,8,1,0,3,3,24
53,Christian Braun,SG,21,DEN,12,188,10,0.563,0.4,0.15,4.2,11.2,7.8,9.1,1.5,0.9,10.5,10.8,0,0.2,0.1,0.3,0.078,0,-2,0,-2.1,0,12,0,188,19,40,0.475,6,16,0.375,13,24,0.542,0.55,4,6,0.667,7,19,26,14,6,2,5,11,48
54,Mikal Bridges,SF,26,PHO,13,478,16.8,0.645,0.261,0.246,3.8,12.7,8.1,12,1.4,2.5,8.7,15.7,0,1.1,0.5,1.7,0.167,0,2.1,0.6,2.7,0.6,13,13,478,78,142,0.549,16,37,0.432,62,105,0.59,0.606,31,35,0.886,16,51,67,40,13,13,15,26,203
55,Oshae Brissett,SF,24,IND,7,66,2.6,0.373,0.588,0.235,6.7,11.5,9.1,3.8,0.7,0,17.6,14.1,0,-0.1,0,-0.1,-0.083,0,-5.7,-2.2,-7.9,-0.1,7,0,66,5,17,0.294,1,10,0.1,4,7,0.571,0.324,3,4,0.75,4,7,11,2,1,0,4,2,14
56,Malcolm Brogdon,PG,30,BOS,11,253,18.4,0.595,0.342,0.324,4.5,13.9,9.3,23.5,1.2,0.7,14.8,25.9,0,0.4,0.2,0.6,0.113,0,2,-1.1,0.9,0.2,11,0,253,53,111,0.477,14,38,0.368,39,73,0.534,0.541,31,36,0.861,10,32,42,39,6,2,22,14,151
57,Dillon Brooks,SG,27,MEM,12,358,10.3,0.493,0.392,0.149,1.5,10.7,6.1,9.9,1.1,0.5,8.1,24.4,0,0,0.2,0.2,0.026,0,-2.9,-1.5,-4.4,-0.2,12,12,358,72,181,0.398,26,71,0.366,46,110,0.418,0.47,20,27,0.741,5,36,41,24,8,2,17,39,190
58,Bruce Brown,PG,26,DEN,13,360,13.1,0.543,0.363,0.133,5,10.8,7.9,19.3,1.3,1.7,13.7,16.4,0,0.4,0.3,0.7,0.087,0,-0.4,-0.4,-0.8,0.1,13,3,360,51,113,0.451,16,41,0.39,35,72,0.486,0.522,12,15,0.8,16,35,51,54,10,7,19,24,130
59,Greg Brown III,PF,21,POR,4,22,14,0.543,0,0.714,0,5,2.6,0,6.8,8.4,17.9,22.4,0,-0.1,0.1,0,-0.018,0,-5.6,5.2,-0.3,0,4,0,22,5,7,0.714,0,0,0,5,7,0.714,0.714,0,5,0,0,1,1,0,3,2,2,3,10
60,Jaylen Brown,SF,26,BOS,13,478,18.1,0.582,0.349,0.255,2.8,17.5,10.3,15.5,1.2,1,12.4,29.8,0,0.4,0.4,0.8,0.078,0,1,-1.4,-0.4,0.2,13,13,478,123,255,0.482,30,89,0.337,93,166,0.56,0.541,54,65,0.831,12,76,88,45,12,6,40,38,330
61,Moses Brown,C,23,LAC,8,32,36.3,0.746,0,0.538,18.8,26.2,22.7,0,0,11.3,0,22.5,0,0.2,0.1,0.3,0.38,0,5.7,1.8,7.5,0.1,8,0,32,10,13,0.769,0,0,0,10,13,0.769,0.769,4,7,0.571,5,8,13,0,0,4,0,4,24
62,Troy Brown Jr.,SF,23,LAL,11,302,9.7,0.544,0.467,0.087,3.4,16.3,9.7,4.2,1.4,0,9.5,14.7,0,0,0.3,0.3,0.047,0,-2.9,-0.4,-3.4,-0.1,11,9,302,41,92,0.446,14,43,0.326,27,49,0.551,0.522,8,8,1,10,46,56,9,9,0,10,22,104
63,Jalen Brunson,PG,26,NYK,14,460,20.7,0.587,0.263,0.311,1.3,9.9,5.5,32.7,1.9,0.4,9.5,23.6,0,1.3,0.3,1.7,0.174,0,3,0,3,0.6,14,14,460,103,209,0.493,16,55,0.291,87,154,0.565,0.531,57,65,0.877,6,43,49,97,18,2,25,36,279
64,Reggie Bullock,SF,31,DAL,13,375,5,0.46,0.819,0.097,1.9,10.4,6.2,4.8,1.9,0.5,8.5,9.9,0,-0.1,0.4,0.2,0.03,0,-4.2,0.1,-4.1,-0.2,13,13,375,23,72,0.319,19,59,0.322,4,13,0.308,0.451,4,7,0.571,6,32,38,13,14,2,7,38,69
65,Alec Burks,SG,31,DET,2,42,21.6,0.647,0.421,0.684,0,10.3,5,13.2,1.1,0,3.9,25.6,0,0.2,0,0.2,0.183,0,2.8,-1.1,1.8,0,2,0,42,10,19,0.526,3,8,0.375,7,11,0.636,0.605,9,13,0.692,0,4,4,3,1,0,1,6,32
66,Jimmy Butler,SF,33,MIA,12,426,25.6,0.616,0.173,0.571,6.9,16.5,11.6,28,2.5,0.7,7.5,23.5,0,1.8,0.5,2.3,0.262,0,5.8,1.8,7.5,1,12,12,426,81,168,0.482,11,29,0.379,70,139,0.504,0.515,86,96,0.896,26,59,85,74,22,3,17,19,259
67,John Butler,C,20,POR,1,9,10.1,0.5,0.5,0,0,12.3,6.4,0,0,10.3,0,9.8,0,0,0,0,0.067,0,-2.6,1.5,-1.1,0,1,0,9,1,2,0.5,0,1,0,1,1,1,0.5,0,0,0,0,1,1,0,0,1,0,0,2
68,Jamal Cain,SF,23,MIA,1,2,87.6,1.5,1,0,0,0,0,0,24.6,0,0,22,0,0,0,0,0.629,0,50.1,32.8,82.9,0,1,0,2,1,1,1,1,1,1,0,0,0,1.5,0,0,0,0,0,0,0,1,0,0,0,3
69,Kentavious Caldwell-Pope,SG,29,DEN,12,372,13.8,0.663,0.55,0.16,1.2,11.6,6.5,11,2.3,1,12.3,14,0,0.6,0.3,0.9,0.116,0,0,0.4,0.3,0.2,12,12,372,50,100,0.5,30,55,0.545,20,45,0.444,0.65,12,16,0.75,4,39,43,32,18,4,15,24,142
70,Facundo Campazzo,PG,31,DAL,3,16,15.6,0.375,0.75,0,0,0,0,25.9,9.5,0,0,11.4,0,0,0,0.1,0.155,0,-0.5,7.7,7.2,0,3,0,16,1,4,0.25,1,3,0.333,0,1,0,0.375,0,0,0,0,0,0,3,3,0,0,1,3
71,Vlatko Čančar,PF,25,DEN,6,16,7.6,0.75,0.75,0,0,13.9,7,0,0,0,20,13.4,0,0,0,0,0.019,0,-1.2,-2.8,-3.9,0,6,0,16,2,4,0.5,2,3,0.667,0,1,0,0.75,0,0,0,0,2,2,0,0,0,1,1,6
72,Clint Capela,C,28,ATL,14,383,20.7,0.605,0,0.235,16.9,28.6,22.7,3.6,1.1,4.6,10.9,15.9,0,0.8,0.7,1.5,0.186,0,1.7,-0.1,1.6,0.3,14,14,383,72,119,0.605,0,0,0,72,119,0.605,0.605,15,28,0.536,62,104,166,10,9,21,16,27,159
73,Vernon Carey Jr.,C,21,WAS,2,2,-7.9,0,0,0,0,0,0,0,0,0,0,0,0,0,0,0,0.014,0,-15.2,-1.2,-16.4,0,2,0,2,0,0,0,0,0,0,0,0,0,0,0,0,0,0,0,0,0,0,0,0,1,0
74,Jevon Carter,PG,27,MIL,13,353,11.8,0.543,0.514,0.112,2.9,6.3,4.6,17.6,2.9,2.1,15.1,15.6,0,0.2,0.7,0.8,0.115,0,-2.6,2.6,0.1,0.2,13,13,353,45,107,0.421,22,55,0.4,23,52,0.442,0.523,10,12,0.833,10,22,32,43,21,9,20,40,122
75,Wendell Carter Jr.,C,23,ORL,14,459,17.8,0.625,0.301,0.438,8.4,22.2,15.8,14.6,0.8,1.6,15.7,20.4,0,0.9,0.5,1.4,0.148,0,1.2,0.2,1.4,0.4,14,14,459,78,153,0.51,17,46,0.37,61,107,0.57,0.565,55,67,0.821,32,96,128,44,8,8,34,44,228
76,Alex Caruso,PG,28,CHI,14,353,9,0.471,0.589,0.357,2.5,12.3,7.3,19.1,3,3.5,28.6,11,0,-0.2,0.6,0.3,0.047,0,-3.2,3.3,0.1,0.2,14,5,353,18,56,0.321,10,33,0.303,8,23,0.348,0.411,15,20,0.75,8,38,46,53,22,14,26,28,61
77,Justin Champagnie,SF,21,TOR,2,9,31.2,1,0,0,11.7,26.4,18.6,0,0,0,0,14.1,0,0,0,0.1,0.296,0,7.1,0.3,7.4,0,2,0,9,3,3,1,0,0,0,3,3,1,1,0,0,0,1,2,3,0,0,0,0,1,6
78,Kennedy Chandler,PG,20,MEM,6,58,5,0.337,0.316,0.211,1.8,9.2,5.5,26.6,1.7,3.2,22.4,19.2,0,-0.2,0.1,-0.1,-0.097,0,-5,-1.3,-6.3,-0.1,6,0,58,6,19,0.316,1,6,0.167,5,13,0.385,0.342,1,4,0.25,1,5,6,12,2,2,6,3,14
79,Max Christie,SG,19,LAL,8,92,11.1,0.666,0.647,0.235,1.1,23.2,12,5.8,1.5,0,9.6,9.5,0,0.1,0.1,0.2,0.107,0,-1.3,0.4,-0.9,0,8,0,92,8,17,0.471,6,11,0.545,2,6,0.333,0.647,3,4,0.75,1,20,21,4,3,0,2,4,25
80,Josh Christopher,SG,21,HOU,10,85,5.3,0.422,0.378,0.054,4.9,14.5,9.6,12.7,1.7,0,17.4,22,0,-0.2,0,-0.2,-0.099,0,-6.7,-2.7,-9.5,-0.2,10,0,85,14,37,0.378,3,14,0.214,11,23,0.478,0.419,1,2,0.5,4,11,15,7,3,0,8,10,32
81,Brandon Clarke,PF,26,MEM,15,286,19.2,0.657,0.062,0.402,6.4,18.6,12.5,11.5,0.7,4.8,14.3,19.3,0,0.6,0.3,1,0.161,0,0.1,1.4,1.5,0.3,15,1,286,60,97,0.619,1,6,0.167,59,91,0.648,0.624,29,39,0.744,17,50,67,22,4,15,19,37,150
82,Jordan Clarkson,SG,30,UTA,16,489,15.1,0.545,0.518,0.15,5.1,9.6,7.3,23.5,0.5,1.3,13.2,25.8,0,0.5,0.3,0.8,0.08,0,2.3,-2,0.3,0.3,16,16,489,104,247,0.421,49,128,0.383,55,119,0.462,0.52,30,37,0.811,23,43,66,76,5,8,40,30,287
83,Nic Claxton,C,23,BRK,15,402,20.2,0.678,0.009,0.364,11.8,24.2,18.1,7.1,1.3,6.6,14.7,16.6,0,0.8,0.6,1.3,0.16,0,0.2,0.3,0.5,0.3,15,15,402,79,110,0.718,0,1,0,79,109,0.725,0.718,15,40,0.375,41,87,128,18,11,29,22,41,173
84,Amir Coffey,SG,25,LAC,13,117,7.1,0.52,0.211,0.947,3.1,5.4,4.3,9,1.2,0.8,12.9,11.8,0,0.1,0.1,0.2,0.069,0,-5.5,0.5,-5,-0.1,13,0,117,6,19,0.316,1,4,0.25,5,15,0.333,0.342,15,18,0.833,3,6,9,8,3,1,4,12,28
85,John Collins,PF,25,ATL,14,442,13.7,0.58,0.297,0.239,5.4,21.2,13.3,4.2,1.1,3.4,11.1,16,0,0.4,0.6,1.1,0.115,0,-1.7,0.5,-1.2,0.1,14,14,442,68,138,0.493,10,41,0.244,58,97,0.598,0.529,31,33,0.939,23,89,112,14,10,18,19,46,177
86,Zach Collins,PF,25,SAS,9,159,17,0.596,0.305,0.153,8.2,21.8,14.8,23.3,1.8,5.7,21.3,20.8,0,0.1,0.2,0.3,0.082,0,-1.5,2,0.5,0.1,9,0,159,31,59,0.525,7,18,0.389,24,41,0.585,0.585,6,9,0.667,12,30,42,25,6,11,17,27,75
87,Mike Conley,PG,35,UTA,15,458,14.7,0.529,0.565,0.232,1.4,7.1,4.3,34.9,1.9,0.7,13.1,15.9,0,0.9,0.4,1.3,0.139,0,1,-0.1,0.9,0.3,15,15,458,54,138,0.391,28,78,0.359,26,60,0.433,0.493,25,32,0.781,6,30,36,121,18,4,23,28,161
88,Robert Covington,PF,32,LAC,9,124,10.1,0.59,0.704,0.296,1.9,22.8,13.1,10.1,1.2,4.4,18.7,13.5,0,0,0.2,0.3,0.097,0,-3.6,2.5,-1.1,0,9,0,124,11,27,0.407,7,19,0.368,4,8,0.5,0.537,7,8,0.875,2,27,29,9,3,6,7,20,36
89,Torrey Craig,SF,32,PHO,13,263,12.9,0.576,0.554,0.123,10.2,14,12.1,9.1,1.3,2.5,11.6,12.8,0,0.4,0.3,0.7,0.127,0,0.2,0,0.2,0.1,13,5,263,30,65,0.462,14,36,0.389,16,29,0.552,0.569,5,8,0.625,24,31,55,18,7,7,9,27,79
90,Jarrett Culver,SG,23,ATL,2,3,7.4,0.266,0,2,34.9,0,17.5,0,0,0,0,25.9,0,0,0,0,-0.092,0,-2.1,-6.1,-8.2,0,2,0,3,0,1,0,0,0,0,0,1,0,0,1,2,0.5,1,0,1,0,0,0,0,0,1
91,Cade Cunningham,PG,21,DET,12,400,14.9,0.492,0.272,0.192,3.1,16.7,9.7,32.9,1.2,1.5,13.8,29.4,0,-0.2,0.1,-0.1,-0.009,0,0.4,-1.3,-0.9,0.1,12,12,400,93,224,0.415,17,61,0.279,76,163,0.466,0.453,36,43,0.837,12,62,74,72,10,7,39,34,239
92,Seth Curry,SG,32,BRK,6,120,14.8,0.591,0.63,0.152,1,9.3,5.2,17.7,1.2,0.8,5.8,19.4,0,0.2,0.1,0.3,0.11,0,0.3,-1.2,-1,0,6,0,120,20,46,0.435,12,29,0.414,8,17,0.471,0.565,6,7,0.857,1,10,11,14,3,1,3,11,58
93,Stephen Curry,PG,34,GSW,13,449,29.3,0.692,0.573,0.29,2.3,18.6,10.7,31.9,1.5,0.2,10,30.9,0,2.2,0.4,2.6,0.274,0,10.2,1,11.2,1.5,13,13,449,137,262,0.523,65,150,0.433,72,112,0.643,0.647,70,76,0.921,9,77,86,83,14,1,33,26,409
94,Dyson Daniels,PG,19,NOP,6,64,19.2,0.611,0.471,0.353,6.9,28.2,17.5,14.3,3,4.3,13.3,15,0,0.1,0.1,0.3,0.191,0,2.2,4.1,6.3,0.1,6,0,64,8,17,0.471,4,8,0.5,4,9,0.444,0.588,4,6,0.667,4,16,20,7,4,3,3,5,24
95,Anthony Davis,C,29,LAL,12,414,26.3,0.594,0.075,0.327,10.7,23.5,17,13,1.8,4.5,7.2,26.8,0,1.1,0.6,1.7,0.202,0,3.8,0.8,4.6,0.7,12,12,414,116,214,0.542,4,16,0.25,112,198,0.566,0.551,55,70,0.786,43,91,134,30,16,22,19,37,291
96,Johnny Davis,SG,20,WAS,5,30,0.2,0.381,0.143,0.286,3.8,10.7,7.3,8.7,0,0,11.3,13.1,0,0,0,0,-0.03,0,-11.2,-1.8,-13,-0.1,5,0,30,2,7,0.286,0,1,0,2,6,0.333,0.286,2,2,1,1,3,4,2,0,0,1,8,6
97,Terence Davis,SG,25,SAC,12,165,22.6,0.672,0.667,0.203,3.6,22.1,13,16.2,2.9,1.5,6.2,20.9,0,0.5,0.2,0.8,0.22,0,4.3,1.7,6,0.3,12,0,165,35,69,0.507,19,46,0.413,16,23,0.696,0.645,12,14,0.857,5,31,36,18,10,3,5,22,101
98,JD Davison,PG,20,BOS,1,2,21.7,0,0,0,0,55.1,27.9,57.8,0,0,0,0,0,0,0,0,0.315,0,3.8,6.3,10.1,0,1,0,2,0,0,0,0,0,0,0,0,0,0,0,0,0,0,1,1,1,0,0,0,0,0
99,Dewayne Dedmon,C,33,MIA,12,145,19.2,0.678,0.327,0.327,9.3,23.8,16.4,9,0.3,3.5,9.7,18.8,0,0.4,0.2,0.6,0.194,0,1.2,0.2,1.4,0.1,12,0,145,28,49,0.571,7,16,0.438,21,33,0.636,0.643,13,16,0.813,12,29,41,8,1,5,6,24,76
100,Matthew Dellavedova,PG,32,SAC,4,36,7,0.444,0.333,0,3.3,3.3,3.3,27.6,2.6,0,25,14.3,0,0,0,0,0.013,0,-4.6,-0.5,-5.1,0,4,0,36,3,9,0.333,2,3,0.667,1,6,0.167,0.444,0,0,0,1,1,2,8,2,0,3,5,8
101,DeMar DeRozan,SF,33,CHI,14,473,21.2,0.608,0.089,0.513,1.2,12.1,6.5,21,1.6,1.1,10.4,27.7,0,1.2,0.5,1.7,0.172,0,1.7,0.4,2.1,0.5,14,14,473,114,224,0.509,4,20,0.2,110,204,0.539,0.518,102,115,0.887,5,50,55,59,16,6,32,36,334
102,Moussa Diabaté,PF,21,LAC,2,6,38,1.042,0,1,0,34.9,18.6,26,8.1,0,0,10.7,0,0,0,0.1,0.529,0,7.7,11.6,19.3,0,2,0,6,1,1,1,0,0,0,1,1,1,1,1,1,1,0,2,2,1,1,0,0,0,3
103,Mamadi Diakite,PF,26,CLE,3,8,5.5,0.333,0.667,0,0,29.2,14.6,0,6.2,0,0,16.2,0,0,0,0,0.018,0,-11.4,2.3,-9.1,0,3,0,8,1,3,0.333,0,2,0,1,1,1,0.333,0,0,0,0,2,2,0,1,0,0,2,2
104,Hamidou Diallo,SG,24,DET,15,210,10.4,0.471,0.104,0.455,8.3,13.3,10.8,8.3,1.8,0.8,10.6,20.6,0,-0.1,0.1,0,0,0,-4.2,-1.2,-5.5,-0.2,15,0,210,31,77,0.403,1,8,0.125,30,69,0.435,0.409,24,35,0.686,17,26,43,11,8,2,11,32,87
105,Gorgui Dieng,C,33,SAS,7,64,15.3,0.593,0.81,0.19,10.1,16.3,13.1,25.7,0.7,5.1,23.5,19.3,0,0.1,0,0.1,0.08,0,0.5,1.7,2.2,0.1,7,0,64,9,21,0.429,6,17,0.353,3,4,0.75,0.571,3,4,0.75,6,9,15,12,1,4,7,9,27
106,Ousmane Dieng,SF,19,OKC,9,135,6.8,0.407,0.611,0.056,2.2,13.6,7.7,13.5,0.3,1.3,7.5,12.2,0,0,0.1,0,0.016,0,-3.4,-1.2,-4.6,-0.1,9,0,135,12,36,0.333,5,22,0.227,7,14,0.5,0.403,1,2,0.5,3,17,20,15,1,2,3,5,30
107,Spencer Dinwiddie,PG,29,DAL,13,438,18.6,0.617,0.517,0.161,1.1,11.4,6.3,24.1,1.9,0.4,10.7,22.4,0,1,0.4,1.5,0.161,0,3.3,-0.3,3,0.6,13,13,438,87,180,0.483,41,93,0.441,46,87,0.529,0.597,23,29,0.793,4,41,45,62,16,2,23,32,238
108,Donte DiVincenzo,SG,26,GSW,6,90,3.8,0.606,0.667,0.333,0,9.7,5,14,1,0,34.8,14.8,0,-0.1,0,-0.1,-0.039,0,-6.5,-0.6,-7.1,-0.1,6,0,90,8,18,0.444,4,12,0.333,4,6,0.667,0.556,5,6,0.833,0,8,8,10,2,0,11,11,25
109,Luka Dončić,PG,23,DAL,13,483,33.3,0.604,0.339,0.493,3.5,25.4,14.5,44.5,2.8,1.5,10.2,38.8,0,2.2,0.8,3,0.297,0,9.1,3.1,12.2,1.7,13,13,483,151,304,0.497,30,103,0.291,121,201,0.602,0.546,115,150,0.767,14,101,115,102,27,8,42,42,447
110,Tyler Dorsey,SG,26,DAL,1,4,107.5,1.125,0.25,0,30.4,30.4,30.4,0,0,0,0,45.5,0,0.1,0,0.1,1.794,0,43,9.4,52.4,0.1,1,0,4,4,4,1,1,1,1,3,3,1,1.125,0,0,0,1,1,2,0,0,0,0,0,9
111,Luguentz Dort,SG,23,OKC,14,428,12.4,0.499,0.449,0.278,4.7,10.4,7.4,10,2.1,0.8,7.1,20.5,0,0.2,0.4,0.6,0.071,0,-2.6,-0.7,-3.2,-0.1,14,14,428,69,176,0.392,21,79,0.266,48,97,0.495,0.452,38,49,0.776,20,41,61,32,19,4,15,48,197
112,Ayo Dosunmu,PG,23,CHI,13,394,11.7,0.581,0.408,0.104,1.7,12.8,7.1,15.6,1.3,0.9,14.4,16.6,0,0.2,0.4,0.6,0.076,0,-1.9,0.3,-1.6,0,13,13,394,61,125,0.488,18,51,0.353,43,74,0.581,0.56,12,13,0.923,6,44,50,42,11,4,22,32,152
113,Jeff Dowtin,PG,25,TOR,3,23,16.9,0.571,0.143,0,9.2,15.5,12.1,26,0,4.3,12.5,14.7,0,0.1,0,0.1,0.136,0,-0.1,-0.7,-0.8,0,3,0,23,4,7,0.571,0,1,0,4,6,0.667,0.571,0,0,0,2,3,5,4,0,1,1,2,8
114,Goran Dragić,PG,36,CHI,14,270,15.3,0.571,0.405,0.147,3.3,7.6,5.4,28.9,0.7,1,13.9,22.7,0,0.3,0.2,0.5,0.093,0,1.8,-1.4,0.4,0.2,14,0,270,53,116,0.457,22,47,0.468,31,69,0.449,0.552,13,17,0.765,8,18,26,50,4,3,20,20,141
115,Andre Drummond,C,29,CHI,8,134,21.8,0.579,0.038,0.283,21.4,43.6,32.3,8.4,2.5,2,19,23.5,0,0.1,0.3,0.4,0.149,0,-0.9,-0.4,-1.2,0,8,0,134,29,53,0.547,0,2,0,29,51,0.569,0.547,11,15,0.733,26,51,77,7,7,3,14,21,69
116,Chris Duarte,SF,25,IND,9,177,8.8,0.524,0.535,0.169,2.5,9.2,5.9,7.2,0.3,2.1,9.5,19.4,0,0,0,0,0.012,0,-2.2,-2.6,-4.7,-0.1,9,5,177,28,71,0.394,13,38,0.342,15,33,0.455,0.486,11,12,0.917,4,15,19,9,1,4,8,16,80
117,David Duke Jr.,SG,23,BRK,9,91,6.8,0.527,0.133,0.1,5.1,7.4,6.2,10,2.2,1,22.3,19.8,0,-0.1,0.1,-0.1,-0.039,0,-7.7,-1.4,-9.1,-0.2,9,0,91,15,30,0.5,0,4,0,15,26,0.577,0.5,3,3,1,4,6,10,6,4,1,9,17,33
118,Kevin Durant,PF,34,BRK,15,549,27.4,0.651,0.236,0.486,1.3,18.5,10,26.5,1.2,4.7,12.1,32.3,0,1.9,0.6,2.5,0.216,0,6.4,1,7.4,1.3,15,15,549,151,288,0.524,24,68,0.353,127,220,0.577,0.566,129,140,0.921,6,91,97,80,13,28,48,37,455
119,Jalen Duren,C,19,DET,12,254,13.2,0.534,0.018,0.491,13.7,22.5,18,2.4,0.8,4.8,15.8,13.5,0,0.1,0.2,0.2,0.046,0,-2.6,-1.3,-3.9,-0.1,12,0,254,32,57,0.561,0,1,0,32,56,0.571,0.561,10,28,0.357,34,53,87,4,4,14,13,24,74
120,Tari Eason,PF,21,HOU,14,253,18.6,0.525,0.272,0.184,12.5,16.4,14.4,9.9,4.1,2.5,9,19.8,0,0.3,0.3,0.7,0.123,0,1,1,2,0.3,14,0,253,45,103,0.437,12,28,0.429,33,75,0.44,0.495,15,19,0.789,30,37,67,16,22,7,11,32,117
121,Anthony Edwards,SG,21,MIN,14,505,13.1,0.546,0.399,0.235,1.6,14.7,8.4,15.7,1.4,0.5,13.8,26,0,-0.1,0.4,0.3,0.026,0,-1.6,-1.5,-3.1,-0.1,14,14,505,111,243,0.457,33,97,0.34,78,146,0.534,0.525,38,57,0.667,7,72,79,52,15,3,43,44,293
122,Kessler Edwards,SF,22,BRK,7,28,14.8,0.455,0.667,0.222,8.3,12,10.2,10,3.5,3.3,0,15.8,0,0,0,0.1,0.099,0,0.6,-0.3,0.3,0,7,0,28,3,9,0.333,2,6,0.333,1,3,0.333,0.444,1,2,0.5,2,3,5,2,2,1,0,1,9
123,Joel Embiid,C,28,PHI,10,352,29.2,0.639,0.189,0.587,5.3,27.8,16.6,23.3,0.8,4.7,14.2,37.8,0,1,0.6,1.5,0.208,0,5.4,2.1,7.5,0.8,10,10,352,108,201,0.537,9,38,0.237,99,163,0.607,0.56,98,118,0.831,16,85,101,41,6,18,42,34,323
124,Drew Eubanks,C,25,POR,14,260,14.6,0.717,0,0.426,9.1,15.3,12.3,6.8,1.1,3.6,16.5,11.3,0,0.5,0.3,0.9,0.158,0,-1.3,1.6,0.3,0.1,14,3,260,33,47,0.702,0,0,0,33,47,0.702,0.702,14,20,0.7,20,36,56,12,6,10,11,30,80
125,Bruno Fernando,C,24,HOU,2,37,25.8,0.799,0,0.333,14.2,24.3,19.1,35.8,1.3,4.9,12.7,8.7,0,0.2,0,0.2,0.277,0,5.8,5.1,10.9,0.1,2,2,37,5,6,0.833,0,0,0,5,6,0.833,0.833,1,2,0.5,5,8,13,9,1,2,1,3,11
126,Dorian Finney-Smith,PF,29,DAL,13,426,9.2,0.577,0.68,0.11,4.3,10.3,7.3,3.1,1.5,1.3,12.5,12.8,0,0.2,0.4,0.6,0.063,0,-1.2,-0.6,-1.8,0,13,13,426,44,100,0.44,25,68,0.368,19,32,0.594,0.565,8,11,0.727,15,36,51,9,13,6,15,28,121
127,Malachi Flynn,PG,24,TOR,9,95,16.8,0.622,0.561,0.268,1.1,12.5,6.5,14.5,1.5,1.1,9.8,22.6,0,0.2,0.1,0.3,0.148,0,0.4,-0.8,-0.4,0,9,0,95,18,41,0.439,11,23,0.478,7,18,0.389,0.573,10,11,0.909,1,10,11,9,3,1,5,13,57
128,Simone Fontecchio,SF,27,UTA,8,48,11.3,0.545,0.727,0,9,13.6,11.3,6.1,1,1.7,15.4,22.5,0,0,0,0,0.027,0,-0.6,-2.6,-3.2,0,8,0,48,9,22,0.409,6,16,0.375,3,6,0.5,0.545,0,0,0,4,6,10,2,1,1,4,5,24
129,Bryn Forbes,SG,29,MIN,8,87,8.6,0.423,0.483,0.138,3.9,2.4,3.1,11.9,3.8,0,8.9,16.4,0,-0.1,0.1,0,0.012,0,-4.2,1,-3.2,0,8,0,87,9,29,0.31,4,14,0.286,5,15,0.333,0.379,4,4,1,3,2,5,8,7,0,3,5,26
130,Trent Forrest,PG,24,ATL,4,14,-0.9,0,0,0,0,15,7.5,23.4,0,0,0,8.9,0,0,0,0,-0.097,0,-8.6,-2.2,-10.8,0,4,0,14,0,3,0,0,0,0,0,3,0,0,0,0,0,0,2,2,3,0,0,0,1,0
131,Evan Fournier,SG,30,NYK,13,260,6.8,0.474,0.633,0.122,0.8,10.1,5.4,11.3,1.6,1.1,12.9,17.3,0,-0.2,0.2,0,-0.001,0,-3.7,-0.3,-4.1,-0.1,13,7,260,31,90,0.344,19,57,0.333,12,33,0.364,0.45,9,11,0.818,2,25,27,22,9,3,14,28,90
132,De'Aaron Fox,PG,25,SAC,12,384,23.9,0.629,0.292,0.278,2.2,16.2,9.3,32.9,1.8,1.3,13.3,30.3,0,1,0.3,1.4,0.17,0,4.7,0,4.7,0.6,12,12,384,113,209,0.541,22,61,0.361,91,148,0.615,0.593,47,58,0.81,7,53,60,75,15,6,36,33,295
133,Wenyen Gabriel,PF,25,LAL,11,149,13.9,0.66,0.143,0.286,4.8,15.1,9.9,7.8,2.5,3.4,16.9,13.4,0,0.1,0.2,0.4,0.116,0,-2.9,2.2,-0.7,0,11,2,149,22,35,0.629,1,5,0.2,21,30,0.7,0.643,7,10,0.7,7,21,28,8,8,6,8,23,52
134,Daniel Gafford,C,24,WAS,14,206,17.7,0.722,0,0.659,11,18.2,14.7,5.7,1.2,6.4,23,15.9,0,0.3,0.3,0.6,0.148,0,-1.9,1.3,-0.5,0.1,14,0,206,32,44,0.727,0,0,0,32,44,0.727,0.727,18,29,0.621,20,35,55,8,5,15,17,23,82
135,Darius Garland,PG,23,CLE,7,242,17.3,0.533,0.443,0.311,1.9,5.8,3.9,36,2,0.4,13.7,28.8,0,0.3,0.3,0.6,0.123,0,3.1,-0.9,2.2,0.2,7,7,242,48,122,0.393,22,54,0.407,26,68,0.382,0.484,30,38,0.789,4,12,16,56,10,1,22,18,148
136,Usman Garuba,PF,20,HOU,12,183,15.6,0.61,0.156,0.406,15.5,23.3,19.3,10.7,2.9,3.9,27.1,11.5,0,0.2,0.2,0.4,0.097,0,-0.7,0.6,0,0.1,12,1,183,18,32,0.563,4,5,0.8,14,27,0.519,0.625,6,13,0.462,27,38,65,14,11,8,14,22,46
137,Rudy Gay,SF,36,UTA,12,189,6.9,0.445,0.586,0.103,3.4,20.2,11.8,6.9,1.3,2.6,14.2,15.5,0,-0.2,0.2,0,0.004,0,-4.6,0.4,-4.2,-0.1,12,0,189,21,58,0.362,9,34,0.265,12,24,0.5,0.44,3,6,0.5,6,35,41,10,5,6,10,16,54
138,Paul George,SF,32,LAC,14,498,19,0.583,0.415,0.302,1.4,16.8,9.7,22.9,2.2,1.3,15.6,31.1,0,0.2,0.8,1,0.096,0,1.4,0.6,2,0.5,14,14,498,119,258,0.461,37,107,0.346,82,151,0.543,0.533,66,78,0.846,6,80,86,65,22,7,54,38,341
139,Taj Gibson,PF,37,WAS,6,27,20.2,0.588,0.364,0.364,8.4,15.9,12.2,17.1,1.8,0,7.3,22.6,0,0.1,0,0.1,0.193,0,3.1,1.4,4.5,0,6,0,27,5,11,0.455,1,4,0.25,4,7,0.571,0.5,4,4,1,2,4,6,3,1,0,1,3,15
140,Josh Giddey,SG,20,OKC,11,333,13.2,0.511,0.248,0.098,4.8,20.8,12.5,26.2,0.7,1.6,20,24.8,0,-0.3,0.3,0.1,0.008,0,-1.3,-1.5,-2.8,-0.1,11,11,333,70,153,0.458,12,38,0.316,58,115,0.504,0.497,11,15,0.733,16,64,80,61,5,6,40,24,163
141,Shai Gilgeous-Alexander,SG,24,OKC,13,467,28.9,0.633,0.132,0.357,2.4,10.7,6.4,27.8,2.7,3.6,12,32.6,0,1.6,0.6,2.2,0.23,0,6.4,1.8,8.2,1.2,13,13,467,151,280,0.539,14,37,0.378,137,243,0.564,0.564,94,100,0.94,11,46,57,76,27,19,44,32,410
142,Anthony Gill,PF,30,WAS,13,173,11.3,0.631,0.243,0.162,6.5,8.7,7.6,7.3,0.9,0.5,4.8,10.7,0,0.3,0.1,0.5,0.13,0,-1.8,-0.4,-2.2,0,13,4,173,21,37,0.568,2,9,0.222,19,28,0.679,0.595,6,6,1,10,14,24,9,3,1,2,21,50
143,Rudy Gobert,C,30,MIN,12,388,19.5,0.654,0.02,0.677,14.4,28,21.5,4.3,0.9,4.4,13.5,16.1,0,0.9,0.5,1.4,0.178,0,0.4,-0.6,-0.1,0.2,12,12,388,61,99,0.616,0,2,0,61,97,0.629,0.616,46,67,0.687,50,105,155,12,7,19,20,34,168
144,Jordan Goodwin,PG,24,WAS,8,151,20.4,0.659,0.375,0.1,7.5,17,12.4,24,2,4.1,10.7,13.7,0,0.5,0.2,0.7,0.219,0,3.1,3.7,6.8,0.3,8,0,151,22,40,0.55,8,15,0.533,14,25,0.56,0.65,3,4,0.75,10,24,34,25,6,7,5,13,55
145,Aaron Gordon,PF,27,DEN,13,377,19.3,0.634,0.28,0.424,8.7,17.7,13.2,12,0.9,2.6,9.7,18.6,0,1,0.3,1.3,0.163,0,2.3,-0.6,1.6,0.3,13,13,377,72,125,0.576,11,35,0.314,61,90,0.678,0.62,33,53,0.623,29,60,89,33,7,11,16,19,188
146,Eric Gordon,SG,34,HOU,12,362,11.5,0.585,0.545,0.259,0.6,6.5,3.4,15.1,1.2,1.2,15,16.6,0,0.3,0,0.3,0.045,0,-0.6,-1.8,-2.4,0,12,12,362,50,112,0.446,22,61,0.361,28,51,0.549,0.545,24,29,0.828,2,21,23,37,9,5,22,11,146
147,Devonte' Graham,PG,27,NOP,14,222,11.2,0.548,0.796,0.222,0.5,7.6,4,18.6,1.5,1.2,9.2,12.5,0,0.3,0.2,0.5,0.107,0,-0.4,0,-0.4,0.1,14,0,222,20,54,0.37,17,43,0.395,3,11,0.273,0.528,8,12,0.667,1,15,16,33,7,3,6,11,65
148,Jerami Grant,PF,28,POR,13,465,18.6,0.644,0.394,0.444,3.3,12.2,7.9,11.7,1,2.2,11.9,23.1,0,1,0.5,1.5,0.158,0,3,0,2.9,0.6,13,13,465,91,180,0.506,35,71,0.493,56,109,0.514,0.603,60,80,0.75,13,51,64,33,9,11,29,25,277
149,A.J. Green,SG,23,MIL,1,2,15.3,0,0,0,0,0,0,61,0,0,0,0,0,0,0,0,0.237,0,4.8,2.7,7.5,0,1,0,2,0,0,0,0,0,0,0,0,0,0,0,0,0,0,0,0,1,0,0,0,0,0
150,Draymond Green,PF,32,GSW,13,390,11.9,0.57,0.171,0.232,2.7,20.9,12,28.6,1.4,1.6,25.5,13.1,0,0.3,0.4,0.8,0.092,0,-1.9,2.1,0.1,0.2,13,13,390,44,82,0.537,3,14,0.214,41,68,0.603,0.555,12,19,0.632,9,75,84,86,12,7,31,45,103
151,Jalen Green,SG,20,HOU,14,481,15,0.551,0.441,0.228,1.7,11.7,6.5,15.6,1.1,0.8,12,27,0,0.3,0.1,0.4,0.041,0,1.4,-2.8,-1.3,0.1,14,14,481,110,254,0.433,42,112,0.375,68,142,0.479,0.516,46,58,0.793,8,50,58,44,11,4,38,21,308
152,JaMychal Green,PF,32,GSW,11,187,11.9,0.528,0.408,0.143,12.3,18.6,15.5,5.6,2.5,3.3,17.4,14.2,0,0,0.3,0.3,0.078,0,-3.4,0.3,-3.1,0,11,0,187,22,49,0.449,5,20,0.25,17,29,0.586,0.5,6,7,0.857,20,32,52,8,10,7,11,24,55
153,Javonte Green,SG,29,CHI,14,244,15.5,0.64,0.356,0.254,7.2,13.6,10.4,7.6,3.1,3.6,13.2,13.2,0,0.4,0.4,0.8,0.154,0,-0.7,2.9,2.2,0.3,14,0,244,32,59,0.542,8,21,0.381,24,38,0.632,0.61,12,15,0.8,16,29,45,13,16,10,10,30,84
154,Jeff Green,PF,36,DEN,13,258,11.5,0.595,0.247,0.37,4.8,10.8,7.8,8,1.1,1,13.3,16.2,0,0.3,0.2,0.4,0.076,0,-2.6,-1.2,-3.7,-0.1,13,0,258,38,73,0.521,5,18,0.278,33,55,0.6,0.555,20,27,0.741,11,25,36,16,6,3,13,26,101
155,Josh Green,SG,22,DAL,13,240,13.4,0.727,0.561,0.585,5.6,8.6,7.1,6.7,2.7,0.4,14.9,11.5,0,0.5,0.3,0.8,0.15,0,-0.2,1.3,1.1,0.2,13,0,240,25,41,0.61,11,23,0.478,14,18,0.778,0.744,14,24,0.583,11,17,28,11,13,1,9,25,75
156,AJ Griffin,SF,19,ATL,10,126,17,0.635,0.491,0.057,4.2,9.2,6.7,6.8,2.2,0,8.4,19.5,0,0.2,0.1,0.4,0.142,0,2.6,0.8,3.4,0.2,10,0,126,27,53,0.509,12,26,0.462,15,27,0.556,0.623,3,3,1,5,11,16,6,6,0,5,9,69
157,Blake Griffin,PF,33,BOS,6,72,11.5,0.581,0.444,0.333,9.4,18.4,14,9.2,1.3,0,16.2,15.1,0,0.1,0.1,0.1,0.098,0,-2.4,-0.9,-3.3,0,6,2,72,8,18,0.444,3,8,0.375,5,10,0.5,0.528,5,6,0.833,6,12,18,5,2,0,4,10,24
158,Quentin Grimes,SG,22,NYK,5,40,3.5,0.506,0.889,0.222,2.6,5.3,3.9,6.3,0,2.3,16.8,12.3,0,0,0,0,-0.006,0,-5,-1.7,-6.7,0,5,1,40,3,9,0.333,2,8,0.25,1,1,1,0.444,2,2,1,1,2,3,2,0,1,2,6,10
159,Rui Hachimura,PF,24,WAS,14,329,11.5,0.521,0.216,0.209,3.8,18.6,11.4,5.7,0.3,2.1,12.2,23.3,0,-0.3,0.3,0,0.007,0,-3.1,-1.9,-5,-0.3,14,0,329,64,139,0.46,9,30,0.3,55,109,0.505,0.493,21,29,0.724,11,57,68,12,2,8,21,16,158
160,Tyrese Haliburton,PG,22,IND,12,410,23.3,0.62,0.467,0.233,3.5,11.7,7.6,46.4,2.5,0.4,15.4,23.3,0,1.4,0.3,1.7,0.204,0,6.3,0.2,6.6,0.9,12,12,410,87,180,0.483,36,84,0.429,51,96,0.531,0.583,36,42,0.857,13,44,57,124,22,2,36,16,246
161,Jordan Hall,SF,21,SAS,4,43,1.8,0.375,0.5,0,2.5,8.1,5.2,18,1.1,0,25,15.4,0,-0.1,0,-0.1,-0.111,0,-7.2,-2.7,-9.9,-0.1,4,0,43,4,12,0.333,1,6,0.167,3,6,0.5,0.375,0,0,0,1,3,4,6,1,0,4,4,9
162,R.J. Hampton,PG,21,ORL,12,178,16.8,0.678,0.453,0.321,4.1,7.2,5.7,13.3,2.5,2.1,16.6,17.6,0,0.4,0.2,0.6,0.152,0,1.2,1.6,2.8,0.2,12,0,178,27,53,0.509,12,24,0.5,15,29,0.517,0.623,16,17,0.941,6,12,18,16,9,4,12,14,82
163,Tim Hardaway Jr.,SG,30,DAL,12,288,10.4,0.479,0.656,0.238,0.8,8.9,4.9,13.3,1.8,0.6,8.8,23.3,0,-0.2,0.3,0.1,0.019,0,-1.9,-1.6,-3.4,-0.1,12,0,288,39,122,0.32,25,80,0.313,14,42,0.333,0.422,26,29,0.897,2,21,23,25,10,2,13,16,129
164,James Harden,SG,33,PHI,9,331,23.4,0.591,0.42,0.392,1.8,20.2,11,44.1,1.5,1.7,13.4,26.4,0,1,0.4,1.4,0.202,0,5.1,0.7,5.8,0.7,9,9,331,63,143,0.441,20,60,0.333,43,83,0.518,0.51,52,56,0.929,5,58,63,90,10,6,26,18,198
165,Jaden Hardy,SG,20,DAL,3,10,-28.2,0,0.4,0,0,24.3,12.2,12.7,0,0,28.6,31.8,0,-0.2,0,-0.2,-0.764,0,-25.8,-7.6,-33.4,-0.1,3,0,10,0,5,0,0,2,0,0,3,0,0,0,0,0,0,2,2,1,0,0,2,2,0
166,Ron Harper Jr.,SF,22,TOR,1,3,-13,0,1,0,0,0,0,0,0,0,0,14.1,0,0,0,0,-0.333,0,-13.8,-9,-22.8,0,1,0,3,0,1,0,0,1,0,0,0,0,0,0,0,0,0,0,0,0,0,0,0,0,0
167,Montrezl Harrell,C,29,PHI,12,131,15.6,0.617,0,0.719,7.1,15,11,5.7,1.5,4.2,10.6,16.2,0,0.2,0.2,0.4,0.147,0,-2.3,0.1,-2.2,0,12,1,131,18,32,0.563,0,0,0,18,32,0.563,0.563,16,23,0.696,8,17,25,5,4,6,5,14,52
168,Joe Harris,SG,31,BRK,13,338,8.7,0.507,0.67,0.064,3.4,11.3,7.4,10.3,1,0.8,6.8,13.7,0,0.1,0.2,0.3,0.039,0,-2,-1.3,-3.4,-0.1,13,9,338,37,94,0.394,21,63,0.333,16,31,0.516,0.505,3,6,0.5,10,34,44,25,7,3,7,27,98
169,Kevon Harris,SG,25,ORL,10,134,6.7,0.485,0.364,0.424,9,11.1,10.1,5,1.5,0,17,15.2,0,0,0.1,0.1,0.021,0,-4.9,-1.5,-6.4,-0.1,10,0,134,11,33,0.333,5,12,0.417,6,21,0.286,0.409,11,14,0.786,10,14,24,5,4,0,8,17,38
170,Tobias Harris,PF,30,PHI,14,472,16.1,0.569,0.432,0.16,3.7,17.6,10.7,13.2,2.3,1.6,7.7,18.7,0,0.6,0.7,1.2,0.126,0,0.9,0.8,1.6,0.4,14,14,472,78,169,0.462,29,73,0.397,49,96,0.51,0.547,21,27,0.778,15,72,87,40,22,8,15,30,206
171,Josh Hart,SG,27,POR,14,506,11.1,0.508,0.228,0.406,5.4,21.2,13.6,17.1,1.8,0.4,17.4,12.5,0,0.3,0.7,1,0.095,0,-2.3,1.8,-0.5,0.2,14,14,506,43,101,0.426,7,23,0.304,36,78,0.462,0.46,28,41,0.683,23,97,120,62,18,2,25,34,121
172,Isaiah Hartenstein,C,24,NYK,14,348,15.3,0.583,0.181,0.169,14.8,20.3,17.5,5.1,1.4,4.5,14.4,12.4,0,0.5,0.4,0.9,0.129,0,-1.1,-0.2,-1.3,0.1,14,4,348,45,83,0.542,3,15,0.2,42,68,0.618,0.56,11,14,0.786,50,67,117,13,10,17,15,41,104
173,Udonis Haslem,PF,42,MIA,2,10,6.9,0.387,0,0.667,0,23.8,11.6,0,0,10.1,0,17.1,0,0,0,0,-0.015,0,-6.1,-0.1,-6.2,0,2,0,10,1,3,0.333,0,0,0,1,3,0.333,0.333,1,2,0.5,0,2,2,0,0,1,0,1,3
174,Sam Hauser,PF,25,BOS,14,218,15.8,0.708,0.873,0.056,2.1,11.6,6.9,5.2,0.9,1.5,2.7,15.1,0,0.5,0.1,0.7,0.149,0,3.2,-0.7,2.6,0.3,14,0,218,36,71,0.507,28,62,0.452,8,9,0.889,0.704,3,4,0.75,4,23,27,8,4,4,2,18,103
175,Jaxson Hayes,C,22,NOP,5,37,0.7,0.17,0.4,0.4,3,12.2,7.5,9.4,1.3,2.5,14.5,7.9,0,-0.1,0,0,-0.045,0,-7.4,0,-7.4,0,5,0,37,1,5,0.2,0,2,0,1,3,0.333,0.2,0,2,0,1,4,5,3,1,1,1,5,2
176,Killian Hayes,PG,21,DET,15,311,5.6,0.369,0.317,0.096,2.6,10.4,6.4,24.7,2.2,1.4,18.7,17.9,0,-0.7,0.1,-0.6,-0.087,0,-5.9,-0.7,-6.6,-0.4,15,2,311,32,104,0.308,8,33,0.242,24,71,0.338,0.346,8,10,0.8,8,30,38,52,14,5,25,34,80
177,Gordon Hayward,SF,32,CHO,8,248,15.5,0.568,0.264,0.349,1.7,13.3,7.3,21,1.2,0.7,15.2,24.5,0,0.1,0.2,0.3,0.057,0,0.1,-1,-1,0.1,8,8,248,50,106,0.472,10,28,0.357,40,78,0.513,0.519,29,37,0.784,4,30,34,33,6,2,22,6,139
178,Juancho Hernangómez,PF,27,TOR,8,90,13.2,0.609,0.556,0.111,4.7,23.7,13.7,13.5,2.2,2.2,17.5,10.7,0,0.1,0.1,0.2,0.113,0,-1,0.9,-0.1,0,8,0,90,9,18,0.5,4,10,0.4,5,8,0.625,0.611,1,2,0.5,4,18,22,9,4,2,4,7,23
179,Willy Hernangómez,C,28,NOP,3,26,10.2,0.505,0.182,0.182,17,34.7,25.8,5.5,1.9,0,29.6,27.5,0,-0.1,0,0,-0.071,0,-7,-3.1,-10.1,-0.1,3,0,26,5,11,0.455,0,2,0,5,9,0.556,0.455,2,2,1,4,8,12,1,1,0,5,3,12
180,Tyler Herro,SG,23,MIA,10,314,17.8,0.585,0.416,0.201,2.2,22,11.8,14.3,1.1,1.9,11.1,26.5,0,0.2,0.4,0.6,0.092,0,2.5,0.2,2.7,0.4,10,10,314,72,154,0.468,24,64,0.375,48,90,0.533,0.545,28,31,0.903,6,58,64,26,7,6,21,16,196
181,Buddy Hield,SG,30,IND,12,378,17.1,0.622,0.686,0.086,4.4,14.7,9.5,15.5,1.1,1.2,11.2,22.1,0,0.7,0.2,0.9,0.109,0,4,-1,3,0.5,12,12,378,82,175,0.469,49,120,0.408,33,55,0.6,0.609,13,15,0.867,15,51,66,38,9,5,23,26,226
182,Haywood Highsmith,SF,26,MIA,6,29,-2.9,0.167,0.667,0,0,16.4,8,0,5.1,0,33.3,13.7,0,-0.2,0.1,-0.1,-0.2,0,-11.7,2.3,-9.4,-0.1,6,0,29,1,6,0.167,0,4,0,1,2,0.5,0.167,0,0,0,0,4,4,0,3,0,3,1,2
183,George Hill,PG,36,MIL,13,298,7.6,0.506,0.481,0.556,1.7,6.4,4.1,15.2,0.8,0.6,13,10.8,0,0.2,0.4,0.5,0.086,0,-4.4,0.5,-3.9,-0.2,13,0,298,20,54,0.37,6,26,0.231,14,28,0.5,0.426,22,30,0.733,5,19,24,34,5,2,10,18,68
184,Malcolm Hill,SF,27,CHI,3,1,12.2,0,0,0,0,100,56.2,0,0,0,0,0,0,0,0,0,0.149,0,-4.8,5.1,0.3,0,3,0,1,0,0,0,0,0,0,0,0,0,0,0,0,0,0,1,1,0,0,0,0,0,0
185,Aaron Holiday,PG,26,ATL,14,269,8.5,0.539,0.279,0.148,2.3,5.5,3.9,11.4,1.9,0.9,15.6,11.8,0,0.1,0.3,0.3,0.059,0,-3.4,1,-2.4,0,14,1,269,27,61,0.443,8,17,0.471,19,44,0.432,0.508,8,9,0.889,6,14,20,25,11,3,12,24,70
186,Jrue Holiday,PG,32,MIL,10,331,20.5,0.543,0.399,0.167,4.1,13.4,8.8,40,2.2,1.7,13.9,26.2,0,0.5,0.6,1.1,0.167,0,3.4,1.5,4.9,0.6,10,10,331,74,168,0.44,24,67,0.358,50,101,0.495,0.512,24,28,0.857,13,44,57,79,15,7,29,17,196
187,Justin Holiday,SG,33,ATL,13,252,6.3,0.506,0.7,0,0.4,6.3,3.3,7.5,0.7,1.3,9.1,14.4,0,-0.1,0.2,0.1,0.025,0,-3.3,-0.8,-4,-0.1,13,0,252,31,80,0.388,19,56,0.339,12,24,0.5,0.506,0,0,0,1,15,16,15,4,4,8,25,81
188,Richaun Holmes,PF,29,SAC,9,108,11.5,0.751,0.045,0.273,8.9,17.4,13.2,0,0.9,0.8,16.9,11.8,0,0.2,0.1,0.2,0.103,0,-2.6,-1.3,-3.9,-0.1,9,0,108,16,22,0.727,1,1,1,15,21,0.714,0.75,4,6,0.667,8,16,24,0,2,1,5,17,37
189,Al Horford,C,36,BOS,11,346,14.7,0.67,0.573,0.09,4.3,18.8,11.6,9.9,0.7,1.9,8,12.8,0,0.7,0.3,1,0.139,0,2.3,0.3,2.6,0.4,11,11,346,48,89,0.539,23,51,0.451,25,38,0.658,0.669,5,8,0.625,13,59,72,25,5,8,8,23,124
190,Talen Horton-Tucker,SG,22,UTA,16,263,14.7,0.499,0.409,0.243,3.7,14.1,8.9,22.3,2.4,1.5,11.2,22.6,0,0.2,0.3,0.5,0.093,0,-0.9,0.8,-0.1,0.1,16,0,263,46,115,0.4,12,47,0.255,34,68,0.5,0.452,23,28,0.821,9,34,43,41,13,5,16,22,127
191,Danuel House Jr.,SF,29,PHI,12,202,7.9,0.571,0.6,0.4,2.3,9.1,5.7,6.8,1.5,1.4,12.7,10.5,0,0.1,0.2,0.3,0.067,0,-3.2,-0.2,-3.4,-0.1,12,0,202,15,35,0.429,7,21,0.333,8,14,0.571,0.529,10,14,0.714,4,16,20,10,6,3,6,17,47
192,Caleb Houstan,SF,20,ORL,10,172,5,0.505,0.71,0.194,3.5,9.3,6.6,3.8,0.6,0.5,10.6,9.5,0,0,0.1,0.1,0.033,0,-3.3,-0.2,-3.5,-0.1,10,0,172,11,31,0.355,7,22,0.318,4,9,0.444,0.468,5,6,0.833,5,15,20,5,2,1,4,14,34
193,Trevor Hudgins,PG,23,HOU,1,4,30.4,1.5,1,0,0,0,0,0,0,0,0,10.2,0,0,0,0,0.212,0,15.5,0.6,16.2,0,1,0,4,1,1,1,1,1,1,0,0,0,1.5,0,0,0,0,0,0,0,0,0,0,0,3
194,Kevin Huerter,SG,24,SAC,13,412,16.8,0.696,0.669,0.232,0.6,10,5.3,14,1.4,1,10.3,18.2,0,0.9,0.2,1.2,0.138,0,3.5,-0.6,2.9,0.5,13,13,412,73,142,0.514,50,95,0.526,23,47,0.489,0.69,22,33,0.667,2,35,37,41,12,5,18,27,218
195,De'Andre Hunter,SF,25,ATL,14,419,11.3,0.559,0.307,0.256,2.5,11.1,6.8,4.6,0.5,0.4,8.8,21.2,0,0.2,0.3,0.6,0.065,0,-2.1,-1.6,-3.7,-0.2,14,14,419,82,176,0.466,20,54,0.37,62,122,0.508,0.523,35,45,0.778,10,44,54,14,4,2,19,48,219
196,Bones Hyland,PG,22,DEN,9,187,15.6,0.551,0.505,0.252,0.6,8.3,4.5,25.1,1.5,1.4,13.6,30.3,0,0.1,0.1,0.2,0.06,0,1.6,-2.1,-0.5,0.1,9,0,187,40,103,0.388,26,52,0.5,14,51,0.275,0.515,20,26,0.769,1,14,15,33,6,3,18,17,126
197,Serge Ibaka,PF,33,MIL,11,130,12.3,0.618,0.353,0.324,8,20.2,14.1,3.4,0,3.8,15.3,14.6,0,0.1,0.2,0.3,0.125,0,-3.2,0.4,-2.8,0,11,0,130,18,34,0.529,5,12,0.417,13,22,0.591,0.603,7,11,0.636,10,26,36,3,0,6,7,17,48
198,Brandon Ingram,SF,25,NOP,10,330,17.7,0.583,0.211,0.292,2,17.1,9.5,17.6,1.2,2.5,13.8,27.1,0,0.3,0.4,0.7,0.104,0,1.1,0,1.1,0.3,10,10,330,78,161,0.484,17,34,0.5,61,127,0.48,0.537,39,47,0.83,6,50,56,38,8,9,29,27,212
199,Kyrie Irving,PG,30,BRK,8,309,20.4,0.566,0.436,0.238,2.2,12.7,7.5,23.2,1.7,2.7,9.1,30.2,0,0.4,0.3,0.7,0.106,0,2.9,-1.1,1.9,0.3,8,8,309,78,172,0.453,21,75,0.28,57,97,0.588,0.515,38,41,0.927,6,35,41,41,11,9,19,24,215
200,Jaden Ivey,SG,20,DET,14,442,14.8,0.541,0.341,0.335,4.2,12.7,8.3,21.6,2.1,1,14.7,23.1,0,0.2,0.2,0.4,0.04,0,-0.2,-0.5,-0.7,0.1,14,14,442,80,182,0.44,21,62,0.339,59,120,0.492,0.497,45,61,0.738,18,52,70,57,19,5,36,41,226
201,Isaiah Jackson,PF,21,IND,12,221,18,0.648,0.015,0.508,9.9,22.1,16.1,9.3,1.3,6.2,15.9,17.5,0,0.4,0.3,0.7,0.142,0,-1.3,1.2,-0.1,0.1,12,3,221,40,65,0.615,0,1,0,40,64,0.625,0.615,23,33,0.697,20,45,65,14,6,15,15,32,103
202,Jaren Jackson Jr.,C,23,MEM,1,25,1.3,0.235,0.5,0.143,8.6,17,12.8,0,0,18.4,11.8,28.1,0,-0.2,0,-0.1,-0.259,0,-11.9,-2,-13.9,-0.1,1,1,25,3,14,0.214,0,7,0,3,7,0.429,0.214,1,2,0.5,2,4,6,0,0,5,2,1,7
203,Justin Jackson,SF,27,BOS,3,15,6.8,0.5,0.833,0,0,7.3,3.7,9.1,0,0,0,17.6,0,0,0,0,0.023,0,-1.6,-2.8,-4.4,0,3,0,15,2,6,0.333,2,5,0.4,0,1,0,0.5,0,0,0,0,1,1,1,0,0,0,2,6
204,Reggie Jackson,PG,32,LAC,15,430,9,0.505,0.428,0.117,1.1,7.6,4.6,21.6,1.1,0.2,17.3,19.2,0,-0.3,0.4,0.1,0.015,0,-3.8,-1.1,-4.9,-0.3,15,15,430,60,145,0.414,18,62,0.29,42,83,0.506,0.476,16,17,0.941,4,31,35,62,10,1,32,26,154
205,LeBron James,PF,38,LAL,10,357,20.2,0.518,0.324,0.219,5.2,20.9,12.9,34.6,1.5,1.7,12.4,32.3,0,0,0.4,0.4,0.056,0,3.6,0.5,4.1,0.6,10,10,357,100,219,0.457,17,71,0.239,83,148,0.561,0.495,32,48,0.667,18,70,88,69,11,7,34,20,249
206,Ty Jerome,SG,25,GSW,8,120,14.3,0.698,0.533,0.333,1,6.3,3.7,16.6,0.4,0.7,5.5,12.8,0,0.4,0,0.4,0.162,0,1.3,-0.7,0.6,0.1,8,0,120,16,30,0.533,6,16,0.375,10,14,0.714,0.633,10,10,1,1,7,8,15,1,1,2,9,48
207,Isaiah Joe,SG,23,OKC,11,67,18.6,0.694,0.76,0.28,0,19.4,9.3,12.5,2.1,1.3,12.5,19.8,0,0.2,0.1,0.2,0.176,0,2.8,1,3.9,0.1,11,0,67,13,25,0.52,8,19,0.421,5,6,0.833,0.68,5,7,0.714,0,12,12,6,3,1,4,8,39
208,Cameron Johnson,PF,26,PHO,8,202,17.5,0.592,0.614,0.133,2.8,12.9,7.7,10.2,2.2,1.4,2.2,19.3,0,0.4,0.3,0.7,0.169,0,3.4,0.6,4,0.3,8,8,202,37,83,0.446,22,51,0.431,15,32,0.469,0.578,8,11,0.727,5,22,27,14,9,3,2,14,104
209,Jalen Johnson,SF,21,ATL,14,196,11,0.529,0.333,0.255,3.2,20.4,11.8,6.4,2.4,1.3,11,13.4,0,0,0.3,0.4,0.088,0,-3.3,1.7,-1.6,0,14,0,196,24,51,0.471,3,17,0.176,21,34,0.618,0.5,9,13,0.692,6,38,44,10,10,3,7,21,60
210,James Johnson,PF,35,IND,3,44,7.2,0.458,0.417,0,0,17.3,8.7,12.1,1.1,4.1,0,11.1,0,0,0,0.1,0.062,0,-5,1.2,-3.8,0,3,0,44,5,12,0.417,1,5,0.2,4,7,0.571,0.458,0,0,0,0,7,7,4,1,2,0,10,11
211,Keldon Johnson,SF,23,SAS,14,460,17.1,0.597,0.519,0.283,1.9,15.3,8.4,17,1.4,0.2,13.3,27.7,0,0.5,0.2,0.6,0.066,0,2.6,-2.2,0.4,0.3,14,14,460,107,237,0.451,52,123,0.423,55,114,0.482,0.561,52,67,0.776,8,61,69,50,14,1,41,21,318
212,Keon Johnson,SG,20,POR,6,106,5.5,0.441,0.511,0.133,3.4,12.5,8.1,14.5,2.3,1.8,21.4,25.2,0,-0.4,0.1,-0.2,-0.092,0,-5.9,-0.5,-6.4,-0.1,6,0,106,16,45,0.356,8,23,0.348,8,22,0.364,0.444,2,6,0.333,3,12,15,10,5,2,13,10,42
213,Nikola Jokić,C,27,DEN,13,404,29.2,0.681,0.165,0.376,5.6,28.3,17.1,43.3,2.2,1.8,17.1,25.3,0,1.8,0.6,2.4,0.284,0,6.8,4,10.8,1.3,13,13,404,103,170,0.606,8,28,0.286,95,142,0.669,0.629,56,64,0.875,20,103,123,116,19,8,41,35,270
214,Damian Jones,C,27,LAL,9,75,13,0.531,0.048,0.476,12.4,21.4,16.8,5.7,0.6,4.6,16.4,17.1,0,0,0.1,0.1,0.068,0,-4.1,-0.8,-4.9,-0.1,9,1,75,10,21,0.476,0,1,0,10,20,0.5,0.476,7,10,0.7,9,15,24,3,1,4,5,10,27
215,Derrick Jones Jr.,SF,25,CHI,12,173,16.9,0.588,0.244,0.689,8.3,12.6,10.4,5.6,1.4,5.1,3.3,15,0,0.4,0.2,0.7,0.183,0,0.2,1,1.2,0.1,12,0,173,20,45,0.444,3,11,0.273,17,34,0.5,0.478,26,31,0.839,13,19,32,7,5,10,2,15,69
216,Herbert Jones,SF,24,NOP,10,291,11.8,0.559,0.269,0.436,4.9,8.5,6.7,9,1.7,1.9,8.8,14.9,0,0.4,0.3,0.7,0.111,0,-2.3,0.7,-1.6,0,10,10,291,37,78,0.474,4,21,0.19,33,57,0.579,0.5,26,34,0.765,13,22,35,20,10,6,9,37,104
217,Kai Jones,C,22,CHO,7,28,21.4,0.628,0.429,0.571,0,3.9,1.9,10.3,1.7,19,0,13.2,0,0.1,0.1,0.1,0.194,0,1.3,6.5,7.8,0.1,7,0,28,4,7,0.571,1,3,0.333,3,4,0.75,0.643,2,4,0.5,0,1,1,2,1,6,0,2,11
218,Tre Jones,PG,23,SAS,14,418,14.3,0.507,0.222,0.25,2.3,11.9,7,31.4,2.4,0.6,14,18.4,0,0.4,0.2,0.7,0.079,0,-1.4,-0.4,-1.8,0,14,14,418,58,144,0.403,13,32,0.406,45,112,0.402,0.448,33,36,0.917,9,43,52,96,21,3,26,29,162
219,Tyus Jones,PG,26,MEM,15,346,14.1,0.521,0.41,0.09,1.2,6.5,3.9,24.1,1.4,0.3,9.7,19.9,0,0.4,0.2,0.6,0.083,0,0.2,-1.4,-1.1,0.1,15,2,346,64,144,0.444,20,59,0.339,44,85,0.518,0.514,8,13,0.615,4,21,25,58,10,1,16,7,156
220,DeAndre Jordan,C,34,DEN,11,148,16.8,0.78,0.032,0.548,11.5,29.3,20.5,7.2,0.3,4.2,28,15.4,0,0.2,0.2,0.4,0.116,0,-1.4,-0.1,-1.6,0,11,0,148,25,31,0.806,1,1,1,24,30,0.8,0.823,9,17,0.529,15,39,54,8,1,7,15,16,60
221,Cory Joseph,PG,31,DET,12,149,10.9,0.555,0.545,0.333,1.4,6.5,3.9,28.1,1,0.6,11.7,12,0,0.3,0,0.2,0.078,0,-1.9,-1,-2.9,0,12,2,149,13,33,0.394,7,18,0.389,6,15,0.4,0.5,9,11,0.818,2,9,11,29,3,1,5,18,42
222,Nikola Jović,PF,19,MIA,4,24,8.3,0.563,0.5,0,4.7,5,4.8,6.5,4.1,0,20,18.4,0,0,0,0,0.015,0,-6.9,0,-6.9,0,4,0,24,4,8,0.5,1,4,0.25,3,4,0.75,0.563,0,0,0,1,1,2,1,2,0,2,5,9
223,Frank Kaminsky,C,29,ATL,5,28,11.5,0.74,0.2,0.8,0,22.6,11.2,13.3,0,0,12.9,11.5,0,0.1,0,0.1,0.178,0,-3.1,2.4,-0.7,0,5,0,28,3,5,0.6,0,1,0,3,4,0.75,0.6,4,4,1,0,6,6,3,0,0,1,7,10
224,Trevor Keels,SG,19,NYK,1,1,-25.6,0,1,0,0,100,52,0,0,0,0,41.3,0,0,0,0,-0.792,0,-36.2,-8.6,-44.8,0,1,0,1,0,1,0,0,1,0,0,0,0,0,0,0,0,0,1,1,0,0,0,0,0,0
225,Luke Kennard,SG,26,LAC,14,298,10.3,0.664,0.6,0.038,1.6,13,7.7,4,1.3,0,15.6,14.5,0,0.1,0.4,0.5,0.078,0,-2.1,0.1,-2,0,14,7,298,41,80,0.513,23,48,0.479,18,32,0.563,0.656,3,3,1,4,37,41,8,8,0,15,20,108
226,Walker Kessler,C,21,UTA,13,194,21,0.677,0,0.391,16.8,22.5,19.6,6.5,0.7,8.7,14.3,13.5,0,0.5,0.3,0.8,0.199,0,0.5,1.7,2.3,0.2,13,0,194,32,46,0.696,0,0,0,32,46,0.696,0.696,9,18,0.5,30,40,70,9,3,21,9,23,73
227,Braxton Key,SF,25,DET,2,7,24.6,1.064,0,2,0,15.4,7.5,0,0,0,0,11.2,0,0,0,0,0.312,0,5,0.7,5.7,0,2,0,7,1,1,1,0,0,0,1,1,1,1,2,2,1,0,1,1,0,0,0,0,0,4
228,Corey Kispert,SF,23,WAS,6,145,13.5,0.706,0.529,0.235,0,9.6,4.9,9.8,1.7,0,9.6,12.7,0,0.3,0.1,0.4,0.137,0,-1.1,1.1,0.1,0.1,6,5,145,19,34,0.559,8,18,0.444,11,16,0.688,0.676,7,8,0.875,0,13,13,10,5,0,4,7,53
229,Maxi Kleber,C,31,DAL,13,320,7.1,0.506,0.635,0.231,4.2,13.7,8.9,4.7,0.9,2.6,12.3,9.3,0,0,0.3,0.4,0.054,0,-2.8,0,-2.9,-0.1,13,0,320,20,52,0.385,9,33,0.273,11,19,0.579,0.471,9,12,0.75,11,36,47,11,6,9,8,24,58
230,Nathan Knight,PF,25,MIN,5,13,11.9,0.615,0.5,0.5,0,39.8,20.7,0,7.3,0,29.1,11.2,0,0,0,0,0.104,0,-6.7,4.4,-2.4,0,5,0,13,1,2,0.5,0,1,0,1,1,1,0.5,1,1,1,0,5,5,0,2,0,1,2,3
231,Kevin Knox,SF,23,DET,8,65,-3.4,0.292,0.667,0,3.2,9.9,6.5,2.2,0.7,1.3,14.3,18,0,-0.3,0,-0.3,-0.205,0,-10.9,-3.9,-14.8,-0.2,8,0,65,6,24,0.25,2,16,0.125,4,8,0.5,0.292,0,0,0,2,6,8,1,1,1,4,10,14
232,Christian Koloko,C,22,TOR,15,256,8.6,0.487,0.059,0.471,9.1,13,10.9,4.1,0.8,7,15.2,12,0,0,0.2,0.3,0.049,0,-6.1,-0.2,-6.4,-0.3,15,8,256,22,51,0.431,0,3,0,22,48,0.458,0.431,16,24,0.667,22,28,50,8,4,18,11,44,60
233,John Konchar,SG,26,MEM,14,372,11.6,0.578,0.614,0.024,6,16.9,11.5,5.5,1.8,1,7.7,10.2,0,0.5,0.4,0.9,0.111,0,-0.7,0.8,0.1,0.2,14,6,372,38,83,0.458,20,51,0.392,18,32,0.563,0.578,1,2,0.5,21,59,80,16,14,4,7,25,97
234,Furkan Korkmaz,SG,25,PHI,5,28,15.4,0.658,0.375,0.75,4.1,12.3,8.3,16.1,0,0,15.8,20.4,0,0.1,0,0.1,0.138,0,-1.4,-1.2,-2.6,0,5,0,28,4,8,0.5,1,3,0.333,3,5,0.6,0.563,5,6,0.833,1,3,4,3,0,0,2,2,14
235,Luke Kornet,C,27,BOS,10,117,14.9,0.612,0.143,0.381,12.6,16,14.3,13.3,0.8,5.7,19.7,11.5,0,0.2,0.1,0.4,0.153,0,-0.5,1.4,0.9,0.1,10,0,117,11,21,0.524,1,3,0.333,10,18,0.556,0.548,7,8,0.875,13,17,30,12,2,8,6,14,30
236,Vit Krejci,PG,22,ATL,6,14,18.9,0.8,0.8,0,0,15,7.5,10.2,0,0,0,14.8,0,0.1,0,0.1,0.239,0,2.9,0.6,3.5,0,6,0,14,3,5,0.6,2,4,0.5,1,1,1,0.8,0,0,0,0,2,2,1,0,0,0,2,8
237,Jonathan Kuminga,PF,20,GSW,11,155,6.7,0.532,0.319,0.319,4.5,9.8,7.2,6.8,0.9,1.7,19.5,18.1,0,-0.1,0.1,0,-0.014,0,-5.7,-1.4,-7.1,-0.2,11,1,155,20,47,0.426,4,15,0.267,16,32,0.5,0.468,13,15,0.867,6,14,20,8,3,3,13,20,57
238,Kyle Kuzma,PF,27,WAS,14,461,14.6,0.553,0.421,0.254,2.9,23,13.3,13.1,0.3,1.5,12.1,25.4,0,0.1,0.5,0.6,0.059,0,-0.7,-1,-1.7,0,14,14,461,95,209,0.455,28,88,0.318,67,121,0.554,0.522,39,53,0.736,12,99,111,38,3,8,32,37,257
239,Anthony Lamb,SF,25,GSW,6,123,15.5,0.794,0.647,0,3.7,13.3,8.6,11.4,1.5,0,12.8,13.4,0,0.3,0.1,0.4,0.153,0,2.1,1,3.1,0.2,6,1,123,21,34,0.618,12,22,0.545,9,12,0.75,0.794,0,0,0,4,15,19,10,4,0,5,15,54
240,Jock Landale,C,27,PHO,13,194,18,0.561,0.32,0.32,13.3,20.8,17,8.4,1,4.8,9.5,21.2,0,0.4,0.3,0.7,0.161,0,-1.3,-0.3,-1.6,0,13,0,194,37,75,0.493,3,24,0.125,34,51,0.667,0.513,19,24,0.792,23,34,57,11,4,10,9,33,96
241,Romeo Langford,SG,23,SAS,7,114,6.5,0.458,0.226,0.129,9.5,4.1,6.9,3.5,1.2,1.4,13.2,13.7,0,-0.1,0,0,-0.02,0,-4.6,-1.8,-6.4,-0.1,7,2,114,13,31,0.419,1,7,0.143,12,24,0.5,0.435,3,4,0.75,10,4,14,3,3,2,5,10,30
242,Jake LaRavia,PF,21,MEM,11,206,9.5,0.61,0.66,0.106,4.7,16,10.4,5,1.4,1.3,15.5,11.7,0,0.2,0.2,0.4,0.086,0,-2.7,0.5,-2.2,0,11,0,206,21,47,0.447,13,31,0.419,8,16,0.5,0.585,5,5,1,9,31,40,8,6,3,9,27,60
243,Zach LaVine,SG,27,CHI,10,338,17.6,0.575,0.456,0.257,1.6,11.5,6.5,19.8,1.8,0.3,10.4,26.9,0,0.4,0.3,0.8,0.112,0,1.7,-0.2,1.5,0.3,10,10,338,76,171,0.444,30,78,0.385,46,93,0.495,0.532,37,44,0.841,5,34,39,41,13,1,22,25,219
244,Damion Lee,SG,30,PHO,13,249,11.4,0.605,0.667,0.203,2.3,12.9,7.4,7.5,1.6,0,8.5,14.3,0,0.3,0.3,0.6,0.114,0,0.1,0.1,0.2,0.1,13,0,249,29,69,0.42,21,46,0.457,8,23,0.348,0.572,12,14,0.857,5,27,32,14,8,0,7,20,91
245,Alex Len,C,29,SAC,4,13,10.4,0.644,0,0.667,0,27.1,13.7,0,0,0,0,12.8,0,0,0,0,0.093,0,-3.7,-2.4,-6,0,4,0,13,2,3,0.667,0,0,0,2,3,0.667,0.667,1,2,0.5,0,3,3,0,0,0,0,2,5
246,Kawhi Leonard,SF,31,LAC,2,42,20.6,0.569,0.333,0.5,11.4,22.5,17.3,15.4,3.5,0,15.4,27.7,0,0,0.1,0.1,0.151,0,1.1,3,4.1,0.1,2,0,42,8,18,0.444,1,6,0.167,7,12,0.583,0.472,8,9,0.889,4,9,13,4,3,0,4,5,25
247,Caris LeVert,SG,28,CLE,13,451,12,0.514,0.378,0.263,4.2,11.9,8,21.6,1.1,0.4,13.4,19.3,0,0.4,0.5,0.9,0.092,0,-0.9,0,-0.9,0.1,13,13,451,61,156,0.391,25,59,0.424,36,97,0.371,0.471,32,41,0.78,16,46,62,69,10,2,27,34,179
248,Damian Lillard,PG,32,POR,9,323,23.3,0.638,0.54,0.503,3.3,11.3,7.4,31.9,0.8,0.9,16.2,32,0,1,0.3,1.3,0.188,0,6.4,-1,5.4,0.6,9,9,323,74,161,0.46,33,87,0.379,41,74,0.554,0.562,70,81,0.864,9,33,42,59,5,3,38,14,251
249,Nassir Little,PF,22,POR,14,212,13.6,0.636,0.476,0.222,2.2,16.2,9.5,8.8,1.2,0.9,12.6,16.4,0,0.2,0.2,0.5,0.111,0,0.4,0.4,0.8,0.1,14,0,212,33,63,0.524,13,30,0.433,20,33,0.606,0.627,9,14,0.643,4,31,35,12,5,2,10,10,88
250,Isaiah Livers,PF,24,DET,13,250,8.4,0.542,0.813,0.25,4.1,11.2,7.6,4.7,0.8,2.1,9,13,0,0.1,0,0.2,0.032,0,-1.6,-1.2,-2.8,-0.1,13,0,250,23,64,0.359,19,52,0.365,4,12,0.333,0.508,12,16,0.75,10,26,36,8,4,6,7,26,77
251,Kenneth Lofton Jr.,PF,20,MEM,3,14,11.1,0.436,0.111,0.333,7.6,7.6,7.6,12,0,0,0,30.6,0,0,0,0,0.001,0,-2.6,-3.9,-6.5,0,3,0,14,4,9,0.444,0,1,0,4,8,0.5,0.444,1,3,0.333,1,1,2,1,0,0,0,3,9
252,Kevon Looney,C,26,GSW,14,336,14.7,0.62,0,0.219,11,20.7,16,17.4,0.7,1.8,9.1,9.7,0,0.9,0.3,1.2,0.174,0,0,1.4,1.4,0.3,14,14,336,39,64,0.609,0,0,0,39,64,0.609,0.609,9,14,0.643,32,64,96,45,5,7,7,43,87
253,Brook Lopez,C,34,MIL,13,409,16.7,0.593,0.513,0.165,6.8,13.6,10.2,5,0.9,6.4,11,19.3,0,0.5,0.8,1.3,0.149,0,0.4,1.4,1.8,0.4,13,13,409,76,158,0.481,28,81,0.346,48,77,0.623,0.57,21,26,0.808,27,55,82,13,8,32,21,33,201
254,Robin Lopez,C,34,CLE,8,75,15.3,0.727,0,0.333,11,9.3,10.1,6,0,2.5,16.2,14.2,0,0.2,0.1,0.2,0.155,0,-0.9,-0.6,-1.4,0,8,0,75,13,18,0.722,0,0,0,13,18,0.722,0.722,4,6,0.667,7,6,13,3,0,2,4,7,30
255,Kevin Love,PF,34,CLE,13,276,20.6,0.617,0.717,0.301,5.5,35.5,20.6,18.4,0.4,1,10.5,22.4,0,0.8,0.4,1.2,0.207,0,5.7,1.1,6.8,0.6,13,1,276,48,113,0.425,33,81,0.407,15,32,0.469,0.571,29,34,0.853,13,84,97,34,2,3,15,17,158
256,Kyle Lowry,PG,36,MIA,14,494,13.4,0.577,0.63,0.355,2.1,13.8,7.7,23.5,1.6,1.2,16.3,17,0,0.6,0.5,1.1,0.104,0,-0.1,0.6,0.5,0.3,14,14,494,55,138,0.399,30,87,0.345,25,51,0.49,0.507,44,49,0.898,9,57,66,81,16,6,31,37,184
257,Trey Lyles,PF,27,SAC,11,161,10.5,0.531,0.746,0.175,5.2,16.1,10.7,8.4,1.2,2.6,15,21.3,0,-0.1,0.1,0,0.004,0,-1.7,-1.7,-3.4,-0.1,11,0,161,24,63,0.381,17,47,0.362,7,16,0.438,0.516,7,11,0.636,7,22,29,10,4,5,12,13,72
258,Théo Maledon,PG,21,CHO,14,198,13.3,0.674,0.455,0.295,0.5,16.1,8.1,21.9,1.7,1.3,23.2,13.8,0,0.2,0.2,0.4,0.101,0,-1.8,1,-0.9,0.1,14,0,198,24,44,0.545,8,20,0.4,16,24,0.667,0.636,11,13,0.846,1,29,30,31,7,3,15,16,67
259,Sandro Mamukelashvili,C,23,MIL,5,25,4.3,0.35,0.5,0,8.3,20.2,14.3,5.7,0,0,9.1,18.3,0,-0.1,0,0,-0.038,0,-5.6,-3.3,-8.9,0,5,0,25,3,10,0.3,1,5,0.2,2,5,0.4,0.35,0,0,0,2,5,7,1,0,0,1,1,7
260,Terance Mann,SG,26,LAC,15,271,13.6,0.635,0.314,0.257,3.5,14.3,9.3,12.9,1.3,1.3,13.3,14.9,0,0.4,0.4,0.7,0.128,0,-1.7,0.9,-0.7,0.1,15,5,271,41,70,0.586,5,22,0.227,36,48,0.75,0.621,12,18,0.667,8,37,45,23,7,4,12,25,99
261,Tre Mann,PG,21,OKC,13,313,11.8,0.5,0.526,0.117,3.2,10.4,6.7,12.6,1.8,0.3,8.3,20.7,0,0,0.3,0.3,0.048,0,-1.8,-1.2,-2.9,-0.1,13,4,313,55,137,0.401,24,72,0.333,31,65,0.477,0.489,10,16,0.625,10,30,40,29,12,1,13,23,144
262,Boban Marjanović,C,34,HOU,6,19,11.9,0.565,0,1.25,5.5,29.5,17.1,7.4,2.5,0,24.4,17.6,0,0,0,0,0.014,0,-3.3,-0.6,-3.8,0,6,0,19,2,4,0.5,0,0,0,2,4,0.5,0.5,3,5,0.6,1,5,6,1,1,0,2,1,7
263,Lauri Markkanen,SF,25,UTA,16,525,21.1,0.627,0.391,0.263,7.4,20.5,14,11.1,0.7,2.5,10.6,24,0,1.3,0.6,1.9,0.172,0,3.4,-0.6,2.8,0.6,16,16,525,127,243,0.523,33,95,0.347,94,148,0.635,0.591,53,64,0.828,36,99,135,37,8,16,32,30,340
264,Naji Marshall,SF,25,NOP,14,282,10.3,0.52,0.354,0.232,5.1,12.8,8.9,10.2,1.5,1,13.4,15.7,0,0.1,0.3,0.4,0.061,0,-2.2,-0.5,-2.7,-0.1,14,4,282,35,82,0.427,10,29,0.345,25,53,0.472,0.488,14,19,0.737,13,32,45,22,9,3,14,20,94
265,Caleb Martin,PF,27,MIA,13,377,11.4,0.524,0.333,0.108,7.5,10.4,8.9,9.2,2.2,0.8,9.3,13.8,0,0.3,0.4,0.7,0.083,0,-1.1,0.2,-0.9,0.1,13,13,377,45,102,0.441,14,34,0.412,31,68,0.456,0.51,8,11,0.727,25,33,58,24,17,3,11,26,112
266,Cody Martin,SF,27,CHO,1,1,0,0,0,0,0,0,0,0,0,0,0,0,0,0,0,0,-0.003,0,-5.2,-1.7,-6.8,0,1,0,1,0,0,0,0,0,0,0,0,0,0,0,0,0,0,0,0,0,0,0,0,0,0
267,Kenyon Martin Jr.,SF,22,HOU,14,352,14.4,0.605,0.43,0.263,5.4,16.6,10.8,9.7,0.8,2.1,11.8,16.7,0,0.5,0.1,0.6,0.085,0,0.3,-1.3,-1,0.1,14,3,352,59,114,0.518,16,49,0.327,43,65,0.662,0.588,20,30,0.667,18,52,70,22,6,8,17,29,154
268,Tyrese Martin,SG,23,ATL,6,15,17.9,0.7,0.4,0,7,0,3.5,0,3.1,0,0,13.8,0,0,0,0.1,0.187,0,2.3,1.2,3.5,0,6,0,15,3,5,0.6,1,2,0.5,2,3,0.667,0.7,0,0,0,1,0,1,0,1,0,0,1,7
269,Garrison Mathews,SG,26,HOU,13,154,6.8,0.549,0.976,0.19,0.7,7.3,3.9,4.5,1.2,0.6,9.9,13.4,0,0.1,0,0.1,0.028,0,-3.3,-1.5,-4.8,-0.1,13,0,154,14,42,0.333,14,41,0.341,0,1,0,0.5,8,8,1,1,10,11,5,4,1,5,15,50
270,Bennedict Mathurin,SG,20,IND,12,338,17.2,0.625,0.469,0.444,4.9,10.3,7.6,12.3,0.7,0.3,13.2,26.6,0,0.7,0.1,0.7,0.104,0,2.8,-2.5,0.4,0.2,12,0,338,73,160,0.456,34,75,0.453,39,85,0.459,0.563,59,71,0.831,15,32,47,27,5,1,29,27,239
271,Wesley Matthews,SG,36,MIL,13,212,6.5,0.434,0.771,0.125,6.3,8.1,7.2,5,2,1.6,10.6,11.1,0,-0.1,0.4,0.3,0.067,0,-4.5,1.6,-2.9,0,13,0,212,14,48,0.292,11,37,0.297,3,11,0.273,0.406,5,6,0.833,13,17,30,8,9,4,6,22,44
272,Tyrese Maxey,SG,22,PHI,14,525,16.2,0.555,0.375,0.23,1.3,9.2,5.3,19.9,1.4,0.5,9.2,27.2,0,0.4,0.5,0.9,0.08,0,0.7,-1.5,-0.8,0.2,14,14,525,117,261,0.448,40,98,0.408,77,163,0.472,0.525,45,60,0.75,6,42,48,61,15,3,29,35,319
273,Miles McBride,PG,22,NYK,4,10,-6.8,0,1,1,0,0,0,23,0,0,0,11.9,0,0,0,0,-0.23,0,-10.9,-3.4,-14.3,0,4,0,10,0,2,0,0,2,0,0,0,0,0,0,2,0,0,0,0,2,0,0,0,1,0
274,CJ McCollum,SG,31,NOP,14,504,14.9,0.478,0.379,0.115,3.1,13.4,8.2,26.4,1.7,1.6,9.9,25.6,0,0.1,0.6,0.7,0.065,0,0.4,-0.4,-0.1,0.2,14,14,504,104,261,0.398,31,99,0.313,73,162,0.451,0.458,23,30,0.767,14,60,74,91,18,9,30,27,262
275,T.J. McConnell,PG,30,IND,11,175,8.3,0.387,0.038,0.057,3.8,11.8,7.8,27.4,3.5,1.6,24.9,16.9,0,-0.3,0.2,-0.1,-0.033,0,-5.1,1.4,-3.7,-0.1,11,0,175,20,53,0.377,0,2,0,20,51,0.392,0.377,2,3,0.667,6,19,25,36,13,3,18,13,42
276,Jaden McDaniels,PF,22,MIN,14,414,12.7,0.645,0.33,0.266,5.4,6.7,6.1,5.3,1.9,3.9,14.7,14.5,0,0.4,0.4,0.8,0.092,0,-2,0.3,-1.7,0,14,14,414,61,109,0.56,13,36,0.361,48,73,0.658,0.619,22,29,0.759,20,27,47,16,17,18,21,53,157
277,Jalen McDaniels,SF,25,CHO,15,395,12.9,0.551,0.4,0.168,4.5,16.2,10.2,12.3,2.1,2.2,13,16.5,0,0.2,0.5,0.7,0.083,0,-1.3,1,-0.3,0.2,15,1,395,55,125,0.44,20,50,0.4,35,75,0.467,0.52,18,21,0.857,17,58,75,34,17,10,20,39,148
278,Doug McDermott,SF,31,SAS,15,314,8.6,0.56,0.603,0.124,1.4,9.2,5.2,8.1,0.2,0.8,11.8,19.1,0,0,0,0,-0.004,0,-1.8,-3.3,-5.1,-0.2,15,0,314,52,121,0.43,29,73,0.397,23,48,0.479,0.55,10,15,0.667,4,25,29,18,1,3,17,24,143
279,JaVale McGee,C,35,DAL,10,94,14.2,0.532,0,0.531,14.2,24.6,19.4,3.4,1.6,4.9,21.8,24.4,0,-0.1,0.2,0,0.022,0,-5,-1.3,-6.2,-0.1,10,7,94,16,32,0.5,0,0,0,16,32,0.5,0.5,10,17,0.588,11,19,30,2,3,5,11,10,42
280,Bryce McGowens,SG,20,CHO,5,30,20.2,0.714,0.333,0.556,0,7.3,3.6,5,3.2,2.9,8.2,17.1,0,0.1,0,0.1,0.2,0,1.3,2.6,3.9,0,5,0,30,5,9,0.556,1,3,0.333,4,6,0.667,0.611,5,5,1,0,2,2,1,2,1,1,1,16
281,Rodney McGruder,SG,31,DET,5,21,4.4,0.317,0.571,0.286,9.8,10.3,10,6.5,0,0,0,15.7,0,0,0,0,-0.058,0,-3.7,-4.6,-8.4,0,5,0,21,1,7,0.143,1,4,0.25,0,3,0,0.214,2,2,1,2,2,4,1,0,0,0,1,5
282,Jordan McLaughlin,PG,26,MIN,12,187,11.3,0.446,0.475,0.15,2.4,11.1,6.9,31,1.5,0.5,15.8,11.4,0,0.2,0.1,0.3,0.073,0,-1.6,-0.3,-1.9,0,12,0,187,15,40,0.375,2,19,0.105,13,21,0.619,0.4,6,6,1,4,20,24,46,6,1,8,6,38
283,De'Anthony Melton,PG,24,PHI,12,293,15.1,0.525,0.495,0.072,5.5,14.6,10.1,16.5,3.2,1.9,9.9,17.1,0,0.2,0.5,0.7,0.109,0,-0.2,2.3,2.1,0.3,12,5,293,42,97,0.433,16,48,0.333,26,49,0.531,0.515,5,7,0.714,14,37,51,32,19,6,11,19,105
284,Chimezie Metu,C,25,SAC,9,108,11.1,0.531,0.314,0.171,3.3,22.9,13.2,10.2,1.8,0.8,13.7,17.4,0,0,0.1,0.1,0.036,0,-3.2,-0.7,-3.9,-0.1,9,0,108,17,35,0.486,1,11,0.091,16,24,0.667,0.5,5,6,0.833,3,21,24,8,4,1,6,9,40
285,Patty Mills,PG,34,BRK,15,184,13.1,0.604,0.787,0.164,2.5,5.5,4,10.3,0.8,0.5,4.4,16.6,0,0.3,0,0.4,0.097,0,1.6,-2.3,-0.7,0.1,15,0,184,25,61,0.41,19,48,0.396,6,13,0.462,0.566,10,10,1,4,9,13,13,3,1,3,7,79
286,Shake Milton,SG,26,PHI,10,124,6.3,0.492,0.189,0.162,4.7,13.9,9.3,16.9,0,1.5,23.2,18.8,0,-0.2,0.1,-0.1,-0.037,0,-6,-1.8,-7.8,-0.2,10,0,124,17,37,0.459,1,7,0.143,16,30,0.533,0.473,4,6,0.667,5,15,20,14,0,2,12,14,39
287,Davion Mitchell,PG,24,SAC,13,242,8,0.566,0.5,0.079,0.5,7.3,3.9,13.4,1.2,0.4,17.8,17,0,-0.1,0.1,0,0.003,0,-3.6,-1.6,-5.2,-0.2,13,1,242,36,76,0.474,13,38,0.342,23,38,0.605,0.559,4,6,0.667,1,15,16,24,6,1,17,22,89
288,Donovan Mitchell,SG,26,CLE,11,430,25.7,0.649,0.442,0.267,3,11.1,7.1,28,1.7,1.5,12.1,30.8,0,1.5,0.6,2.1,0.236,0,7.7,1.4,9.1,1.2,11,11,430,123,240,0.513,46,106,0.434,77,134,0.575,0.608,56,64,0.875,11,41,52,67,15,7,37,32,348
289,Evan Mobley,PF,21,CLE,13,441,15.6,0.592,0.078,0.34,8.3,17.7,13,9.5,1.3,3.8,16.1,19,0,0.4,0.7,1.1,0.123,0,-1.2,1.4,0.2,0.2,13,13,441,78,141,0.553,2,11,0.182,76,130,0.585,0.56,34,48,0.708,31,67,98,28,12,18,31,40,192
290,Isaiah Mobley,PF,23,CLE,1,4,30.4,1.5,1,0,0,29.2,14.6,0,0,0,0,10.8,0,0,0,0,0.283,0,12.2,4.4,16.6,0,1,0,4,1,1,1,1,1,1,0,0,0,1.5,0,0,0,0,1,1,0,0,0,0,1,3
291,Chima Moneke,SF,27,SAC,1,6,0,0,0,2,40.1,0,19.8,18.8,0,0,0,13.5,0,0,0,0,-0.079,0,-8.1,-7,-15.1,0,1,0,6,0,1,0,0,0,0,0,1,0,0,0,2,0,2,0,2,1,0,0,0,2,0
292,Malik Monk,SG,24,SAC,13,279,16.6,0.585,0.562,0.248,2.6,10.1,6.4,29.2,0.8,1.2,14.1,24.1,0,0.5,0.1,0.6,0.11,0,2.5,-1.7,0.7,0.2,13,0,279,52,121,0.43,25,68,0.368,27,53,0.509,0.533,28,30,0.933,6,24,30,57,5,4,22,22,157
293,Moses Moody,SG,20,GSW,12,212,8.6,0.564,0.619,0.254,2.7,10.8,6.9,5.6,1.3,2.1,17.6,16.9,0,-0.1,0.2,0,0.01,0,-2.6,-1.1,-3.7,-0.1,12,1,212,26,63,0.413,14,39,0.359,12,24,0.5,0.524,13,16,0.813,5,21,26,9,6,5,15,13,79
294,Wendell Moore Jr.,SG,21,MIN,1,2,-43.5,0,1,0,0,0,0,0,0,0,50,42.2,0,0,0,0,-1.182,0,-29,-14.7,-43.7,0,1,0,2,0,1,0,0,1,0,0,0,0,0,0,0,0,0,0,0,0,0,0,1,0,0
295,Ja Morant,PG,23,MEM,13,431,26.2,0.582,0.24,0.394,4,15.8,9.9,35.8,1.7,0.9,13.5,36.5,0,1.2,0.4,1.6,0.176,0,6.3,0.3,6.6,0.9,13,13,431,134,279,0.48,27,67,0.403,107,212,0.505,0.529,86,110,0.782,16,64,80,88,15,4,51,24,381
296,Marcus Morris,PF,33,LAC,13,407,16.2,0.622,0.474,0.072,1.8,17.5,10.2,12,1.4,0.9,7.7,18.7,0,0.6,0.6,1.2,0.143,0,1,0.9,1.9,0.4,13,13,407,78,152,0.513,29,72,0.403,49,80,0.613,0.609,10,11,0.909,6,68,74,30,12,4,13,32,195
297,Markieff Morris,PF,33,BRK,8,77,5.5,0.455,0.682,0,3,20.3,11.8,15.9,1.3,2.4,24.1,16.8,0,-0.1,0.1,-0.1,-0.044,0,-5.3,-0.2,-5.5,-0.1,8,0,77,7,22,0.318,6,15,0.4,1,7,0.143,0.455,0,0,0,2,14,16,9,2,2,7,10,20
298,Monte Morris,PG,27,WAS,14,386,13.1,0.499,0.345,0.186,2.1,13,7.7,25.8,1.3,0.9,9.6,15.5,0,0.4,0.4,0.7,0.092,0,-1.1,0.2,-0.9,0.1,14,14,386,47,113,0.416,13,39,0.333,34,74,0.459,0.473,15,21,0.714,7,47,54,71,10,4,13,15,122
299,Trey Murphy III,SF,22,NOP,14,397,14.6,0.634,0.653,0.186,4.7,12.2,8.4,6.4,1.6,1.4,7.3,14.7,0,0.8,0.4,1.2,0.147,0,1.6,-0.1,1.5,0.4,14,5,397,55,118,0.466,31,77,0.403,24,41,0.585,0.597,21,22,0.955,17,43,60,19,13,6,10,25,162
300,Dejounte Murray,SG,26,ATL,14,512,20.4,0.53,0.303,0.142,2.5,16,9.2,31.4,2.7,1,10.1,25.5,0,0.7,0.8,1.5,0.139,0,3.1,1.6,4.6,0.9,14,14,512,121,267,0.453,26,81,0.321,95,186,0.511,0.502,33,38,0.868,12,78,90,109,29,6,32,25,301
301,Jamal Murray,PG,25,DEN,12,344,14.5,0.512,0.309,0.146,2.6,11,6.8,21.9,1.7,0,11.7,26.6,0,0,0.2,0.2,0.034,0,-1.2,-2.3,-3.4,-0.1,12,12,344,78,178,0.438,19,55,0.345,59,123,0.48,0.492,19,26,0.731,8,34,42,52,12,0,25,9,194
302,Keegan Murray,SF,22,SAC,12,364,10.1,0.572,0.59,0.074,2.6,11.6,7.2,4.9,1.6,2.1,13.1,17.1,0,-0.1,0.3,0.2,0.026,0,-1.6,-1,-2.6,-0.1,12,10,364,55,122,0.451,27,72,0.375,28,50,0.56,0.561,7,9,0.778,8,36,44,13,12,9,19,28,144
303,Mike Muscala,C,31,OKC,11,152,15.2,0.572,0.645,0.226,4.6,27.8,15.8,7.2,0,3.5,8.1,20.2,0,0.2,0.2,0.4,0.12,0,0,-1.3,-1.3,0,11,1,152,27,62,0.435,13,40,0.325,14,22,0.636,0.54,11,14,0.786,7,39,46,8,0,6,6,19,78
304,Svi Mykhailiuk,SF,25,NYK,3,6,52.8,1.308,1,0.333,0,35.1,17.3,0,0,0,22.5,30.5,0,0,0,0,0.036,0,32.7,6.5,39.3,0.1,3,0,6,3,3,1,3,3,1,0,0,0,1.5,0,1,0,0,2,2,0,0,0,1,0,9
305,Larry Nance Jr.,PF,30,NOP,13,309,19.5,0.719,0.106,0.165,8.2,19,13.6,13.4,1.6,2.4,13.3,14.4,0,0.8,0.4,1.3,0.195,0,1.7,1.4,3.1,0.4,13,0,309,58,85,0.682,5,9,0.556,53,76,0.697,0.712,10,14,0.714,23,52,75,29,10,8,14,28,131
306,Andrew Nembhard,SG,23,IND,11,221,10.7,0.551,0.547,0.078,2,10.3,6.2,22.6,1.7,0.4,15.3,14.4,0,0.2,0.1,0.3,0.071,0,-1.7,0,-1.7,0,11,3,221,27,64,0.422,14,35,0.4,13,29,0.448,0.531,5,5,1,4,21,25,37,8,1,12,24,73
307,Aaron Nesmith,SF,23,IND,8,169,9,0.536,0.528,0.208,2,14.8,8.4,11.3,0.6,3.8,13.5,16.1,0,0,0.1,0.1,0.035,0,-3.1,-0.3,-3.5,-0.1,8,4,169,22,53,0.415,9,28,0.321,13,25,0.52,0.5,9,11,0.818,3,23,26,14,2,7,9,22,62
308,Raul Neto,PG,30,CLE,8,91,12.1,0.525,0.36,0.24,2.6,12.8,7.7,19.5,2.2,0,12.6,15.1,0,0.1,0.1,0.2,0.117,0,-2.8,1.8,-1,0,8,0,91,10,25,0.4,3,9,0.333,7,16,0.438,0.46,6,6,1,2,10,12,13,4,0,4,6,29
309,Georges Niang,PF,29,PHI,14,253,13.3,0.664,0.788,0.082,1.4,10.5,5.9,6.1,1,2.2,10.2,17.5,0,0.3,0.2,0.6,0.105,0,1.1,-0.7,0.4,0.2,14,0,253,40,85,0.471,30,67,0.448,10,18,0.556,0.647,7,7,1,3,23,26,10,5,6,10,25,117
310,Daishen Nix,PG,20,HOU,12,167,8.3,0.542,0.676,0.108,1.9,8.7,5.2,22.1,2.6,0.5,30.5,13.6,0,-0.1,0.1,0,-0.006,0,-2.6,-0.9,-3.5,-0.1,12,0,167,14,37,0.378,11,25,0.44,3,12,0.25,0.527,3,4,0.75,3,13,16,27,9,1,17,9,42
311,Zeke Nnaji,PF,22,DEN,8,31,13.6,0.576,0.231,0.154,14.6,10.7,12.7,0,3.1,0,12.6,21.9,0,0,0,0.1,0.092,0,-6.7,-1.5,-8.3,0,8,0,31,7,13,0.538,0,3,0,7,10,0.7,0.538,2,2,1,4,3,7,0,2,0,2,9,16
312,Nerlens Noel,C,28,DET,4,54,7.3,0.4,0,0.333,3.8,25.9,14.6,7.9,2.7,1.6,17.9,13,0,-0.1,0.1,0,-0.024,0,-4.9,0.7,-4.2,0,4,0,54,4,12,0.333,0,0,0,4,12,0.333,0.333,3,4,0.75,2,13,15,3,3,1,3,5,11
313,Jaylen Nowell,SG,23,MIN,14,254,14.3,0.499,0.382,0.132,3.5,12.6,8.3,19.7,1.3,0.7,7.9,27.5,0,0,0.2,0.2,0.038,0,-0.8,-1.8,-2.6,0,14,0,254,60,144,0.417,17,55,0.309,43,89,0.483,0.476,15,19,0.789,8,31,39,32,7,2,13,21,152
314,Frank Ntilikina,PG,24,DAL,1,4,-15.7,0,1,0,0,60.8,30.4,31.8,0,0,0,34.1,0,-0.1,0,-0.1,-0.641,0,-21.1,-6.5,-27.6,0,1,0,4,0,3,0,0,3,0,0,0,0,0,0,0,0,0,2,2,1,0,0,0,0,0
315,Kendrick Nunn,PG,27,LAL,11,148,0.8,0.375,0.515,0.044,0.7,10.8,5.7,13.6,0.6,0.6,17.8,24,0,-0.7,0.1,-0.6,-0.187,0,-8.3,-3.2,-11.6,-0.4,11,2,148,21,68,0.309,8,35,0.229,13,33,0.394,0.368,2,3,0.667,1,15,16,14,2,1,15,10,52
316,Jusuf Nurkić,C,28,POR,11,310,17.6,0.575,0.104,0.321,12.6,30,21.6,13.2,1.4,2.4,17.7,20.9,0,0.3,0.6,0.9,0.137,0,-0.8,0.8,0,0.1,11,11,310,52,106,0.491,6,11,0.545,46,95,0.484,0.519,29,34,0.853,33,84,117,26,9,8,26,33,139
317,Jordan Nwora,SF,24,MIL,13,236,7.3,0.432,0.5,0.174,4.8,18.4,11.7,7.8,0.8,0.3,9.7,18,0,-0.2,0.4,0.2,0.034,0,-4.4,-0.6,-5,-0.2,13,1,236,26,86,0.302,13,43,0.302,13,43,0.302,0.378,15,15,1,11,43,54,13,4,1,10,16,80
318,Royce O'Neale,SF,29,BRK,15,533,9.5,0.51,0.616,0.101,3.5,10.7,7.1,14.9,1.7,1.5,12.2,13.7,0,0.1,0.4,0.5,0.048,0,-1.7,-0.3,-2,0,15,15,533,51,138,0.37,35,85,0.412,16,53,0.302,0.496,10,14,0.714,16,51,67,58,19,9,20,49,147
319,Chuma Okeke,PF,24,ORL,14,294,12.3,0.563,0.676,0.25,8.2,14.8,11.7,10.2,1,2.3,9.6,12.3,0,0.5,0.3,0.7,0.118,0,0,0.4,0.4,0.2,14,3,294,28,68,0.412,16,46,0.348,12,22,0.545,0.529,13,17,0.765,20,41,61,22,6,7,8,25,85
320,Josh Okogie,SG,24,PHO,12,63,3.7,0.361,0.5,0.429,5.3,20.8,12.8,2,3.2,2.9,23.1,14.9,0,-0.2,0.1,-0.1,-0.05,0,-8.3,1.2,-7.1,-0.1,12,0,63,4,14,0.286,0,7,0,4,7,0.571,0.286,4,6,0.667,3,11,14,1,4,2,5,8,12
321,Onyeka Okongwu,C,22,ATL,13,257,18,0.674,0.014,0.208,9.8,20.1,14.9,7,1.3,3.6,9.2,13.9,0,0.6,0.4,1,0.194,0,-0.7,1.1,0.4,0.2,13,0,257,48,72,0.667,0,1,0,48,71,0.676,0.667,10,15,0.667,24,49,73,13,7,11,8,43,106
322,Isaac Okoro,SG,22,CLE,13,205,1.5,0.412,0.389,0.333,2.9,8,5.4,3.1,1.7,0.5,21,11.1,0,-0.3,0.2,-0.1,-0.019,0,-8.4,0.4,-8,-0.3,13,3,205,12,36,0.333,1,14,0.071,11,22,0.5,0.347,9,12,0.75,5,14,19,5,7,1,11,26,34
323,KZ Okpala,PF,23,SAC,7,51,5.8,0.58,0.667,0.667,4.7,9.2,7,4.6,0,0,0,6.5,0,0.1,0,0.1,0.083,0,-3.2,-2,-5.2,0,7,3,51,2,6,0.333,1,4,0.25,1,2,0.5,0.417,4,4,1,2,4,6,2,0,0,0,6,9
324,Kelly Olynyk,PF,31,UTA,16,431,15.7,0.679,0.386,0.402,5,14.2,9.6,16.1,2.2,1.3,20.9,18.9,0,0.7,0.5,1.2,0.138,0,-0.3,1.1,0.8,0.3,16,16,431,72,132,0.545,25,51,0.49,47,81,0.58,0.64,42,53,0.792,20,56,76,49,20,7,41,70,211
325,Eugene Omoruyi,SF,25,OKC,6,69,16.3,0.697,0.423,0.423,7.3,11,9.1,4.2,0.7,0,11.5,20.9,0,0.2,0,0.2,0.157,0,-0.4,-1.6,-1.9,0,6,0,69,15,26,0.577,6,11,0.545,9,15,0.6,0.692,7,11,0.636,5,7,12,2,1,0,4,17,43
326,Cedi Osman,SF,27,CLE,13,278,10.4,0.571,0.538,0.264,1.3,11.7,6.5,12.4,0.2,0.3,9.8,17.5,0,0.3,0.2,0.5,0.094,0,-1.3,-0.5,-1.8,0,13,0,278,40,91,0.44,19,49,0.388,21,42,0.5,0.544,17,24,0.708,3,28,31,24,1,1,11,28,116
327,Kelly Oubre Jr.,SF,27,CHO,15,462,14.2,0.514,0.471,0.217,3.6,13.3,8.3,6.3,2.4,1,6.3,26,0,0,0.5,0.5,0.055,0,-0.7,-0.6,-1.3,0.1,15,15,462,100,244,0.41,38,115,0.33,62,129,0.481,0.488,37,53,0.698,16,56,72,18,23,5,18,47,275
328,Chris Paul,PG,37,PHO,10,302,17.8,0.522,0.434,0.447,1.9,15.7,8.6,40.4,2.8,0.6,14.2,15.2,0,0.7,0.5,1.2,0.19,0,1.4,2,3.5,0.4,10,10,302,28,76,0.368,9,33,0.273,19,43,0.442,0.428,30,34,0.882,5,40,45,94,17,2,15,23,95
329,Cameron Payne,PG,28,PHO,11,240,14.2,0.519,0.433,0.1,1.4,12.4,6.7,26.7,2.3,0.4,14.4,26.5,0,0,0.3,0.3,0.053,0,-0.3,-0.8,-1.2,0.1,11,3,240,50,120,0.417,20,52,0.385,30,68,0.441,0.5,10,12,0.833,3,25,28,42,11,1,21,19,130
330,Theo Pinson,SG,27,DAL,2,7,21,1.136,0,0,0,34.8,17.4,18.2,0,0,0,5.7,0,0,0,0,0.341,0,3.4,4.5,7.8,0,2,0,7,0,0,0,0,0,0,0,0,0,0,2,2,1,0,2,2,1,0,0,0,0,2
331,Scotty Pippen Jr.,PG,22,LAL,2,8,-0.2,0.399,0,2,12.9,13.3,13.1,0,0,0,21,25,0,0,0,0,-0.14,0,-13,-6.2,-19.2,0,2,0,8,0,2,0,0,0,0,0,2,0,0,3,4,0.75,1,1,2,0,0,0,1,2,3
332,Mason Plumlee,C,32,CHO,15,399,17.9,0.644,0,0.636,11.5,24.5,17.8,22,1.1,1.8,19.9,14.9,0,0.8,0.5,1.3,0.157,0,0.2,1.5,1.6,0.4,15,15,399,56,88,0.636,0,0,0,56,88,0.636,0.636,33,56,0.589,44,89,133,61,9,8,28,51,145
333,Jakob Poeltl,C,27,SAS,15,432,21,0.644,0,0.356,14.5,24.9,19.5,19.2,1.4,3.4,19.2,18.5,0,0.8,0.4,1.2,0.135,0,1.3,0.3,1.7,0.4,15,15,432,89,135,0.659,0,0,0,89,135,0.659,0.659,23,48,0.479,58,93,151,55,13,18,37,33,201
334,Aleksej Pokusevski,PF,21,OKC,12,293,14.9,0.542,0.413,0.125,7.2,18.5,12.7,9.6,1.6,6,15.4,18.3,0,0,0.4,0.5,0.076,0,-0.8,0.4,-0.3,0.1,12,8,293,48,104,0.462,16,43,0.372,32,61,0.525,0.538,7,13,0.538,21,50,71,21,10,20,20,21,119
335,Jordan Poole,SG,23,GSW,14,400,13.8,0.575,0.53,0.281,0.9,6,3.5,22,2,0.4,16.8,26.4,0,0.1,0.3,0.3,0.041,0,-0.7,-1.6,-2.3,0,14,3,400,81,185,0.438,34,98,0.347,47,87,0.54,0.53,43,52,0.827,3,22,25,60,17,2,42,33,239
336,Kevin Porter Jr.,PG,22,HOU,14,487,14,0.515,0.342,0.364,4.5,13.8,9,26,1.9,0.7,17.4,26.5,0,0,0.2,0.2,0.017,0,-0.5,-1.9,-2.3,0,14,14,487,92,225,0.409,25,77,0.325,67,148,0.453,0.464,60,82,0.732,21,60,81,79,19,4,55,42,269
337,Michael Porter Jr.,SF,24,DEN,12,349,18.8,0.651,0.567,0.127,5.2,19.4,12.4,6.2,1.1,0.8,6.7,21.8,0,0.8,0.3,1.1,0.153,0,3.2,-1.6,1.6,0.3,12,12,349,78,157,0.497,43,89,0.483,35,68,0.515,0.634,17,20,0.85,16,61,77,15,8,3,12,35,216
338,Otto Porter Jr.,SF,29,TOR,8,146,14.3,0.656,0.567,0.267,4.3,10.6,7.3,7.4,3.7,0,10.7,10.8,0,0.3,0.2,0.4,0.142,0,-1,1.5,0.5,0.1,8,2,146,15,30,0.5,6,17,0.353,9,13,0.692,0.6,8,8,1,6,13,19,8,11,0,4,7,44
339,Bobby Portis,PF,27,MIL,13,344,17.9,0.517,0.323,0.146,10.8,31.1,21.1,12.3,0.7,0.7,7.7,22,0,0.4,0.7,1.1,0.151,0,1.2,-0.3,0.9,0.3,13,3,344,70,158,0.443,16,51,0.314,54,107,0.505,0.494,18,23,0.783,36,106,142,26,5,3,14,19,174
340,Kristaps Porziņģis,PF,27,WAS,13,403,22.9,0.614,0.399,0.356,8.1,20.5,14.5,12.7,1.2,3.9,9.6,26.4,0,1,0.6,1.6,0.189,0,3.7,0.5,4.1,0.6,13,13,403,92,188,0.489,29,75,0.387,63,113,0.558,0.566,54,67,0.806,29,77,106,31,10,18,23,43,267
341,Micah Potter,PF,24,UTA,2,12,17.5,1,0,0,9,18.2,13.6,11.8,0,0,0,6.9,0,0.1,0,0.1,0.241,0,1.9,0.5,2.4,0,2,0,12,2,2,1,0,0,0,2,2,1,1,0,0,0,1,2,3,1,0,0,0,2,4
342,Dwight Powell,C,31,DAL,10,188,14.7,0.652,0.026,0.41,11,12.3,11.7,5.6,1.9,2,13.2,12.8,0,0.4,0.2,0.6,0.156,0,-1.2,0.2,-1,0,10,6,188,24,39,0.615,0,1,0,24,38,0.632,0.615,12,16,0.75,17,19,36,7,7,4,7,23,60
343,Norman Powell,SG,29,LAC,15,371,10.3,0.522,0.383,0.315,1.6,9.9,6,8.8,1.7,1,14.2,23.9,0,-0.4,0.5,0.1,0.008,0,-4.1,-0.6,-4.7,-0.3,15,5,371,62,149,0.416,16,57,0.281,46,92,0.5,0.47,37,47,0.787,5,35,40,21,13,4,28,28,177
344,Jason Preston,PG,23,LAC,1,3,-26,0,1,2,0,0,0,0,0,0,0,28.1,0,0,0,0,-0.726,0,-22.7,-11,-33.7,0,1,0,3,0,1,0,0,1,0,0,0,0,0,0,2,0,0,0,0,0,0,0,0,0,0
345,Joshua Primo,SG,20,SAS,4,93,6.4,0.467,0.462,0.346,2.3,13.7,7.8,25,0.5,1.8,26.9,18.3,0,-0.1,0,-0.1,-0.057,0,-4.4,-1.9,-6.3,-0.1,4,0,93,9,26,0.346,3,12,0.25,6,14,0.429,0.404,7,9,0.778,2,11,13,18,1,2,11,8,28
346,Taurean Prince,SF,28,MIN,14,278,11.4,0.654,0.549,0.207,2.4,11.2,7,7.4,0.7,1,11.8,15.4,0,0.4,0.1,0.5,0.092,0,-1.4,-1.4,-2.8,-0.1,14,0,278,41,82,0.5,19,45,0.422,22,37,0.595,0.616,16,17,0.941,6,30,36,15,4,3,12,35,117
347,Payton Pritchard,PG,25,BOS,7,74,13.6,0.532,0.455,0.121,12.2,10.4,11.3,16.3,2,0,20.6,26.1,0,-0.1,0.1,0,0.001,0,-1.5,-2.6,-4.1,0,7,0,74,15,33,0.455,5,15,0.333,10,18,0.556,0.53,2,4,0.5,8,7,15,8,3,0,9,3,37
348,Immanuel Quickley,PG,23,NYK,14,304,13.9,0.497,0.483,0.233,2.7,20.5,11.5,20,3,0.6,12.3,19.8,0,0.1,0.4,0.5,0.08,0,-1.8,1.7,-0.1,0.2,14,0,304,44,116,0.379,17,56,0.304,27,60,0.45,0.453,22,27,0.815,8,59,67,44,19,2,18,28,127
349,Julius Randle,PF,28,NYK,14,466,17.1,0.58,0.391,0.435,7.5,20.1,13.7,14.5,0.8,0.8,14.8,25.6,0,0.6,0.4,1,0.1,0,1.2,-1.2,0,0.2,14,14,466,95,207,0.459,27,81,0.333,68,126,0.54,0.524,69,90,0.767,34,89,123,45,8,4,43,49,286
350,Austin Reaves,SG,24,LAL,13,350,10.7,0.643,0.507,0.465,2.7,10.1,6.3,8.1,0.8,1,14.1,12,0,0.4,0.2,0.6,0.085,0,-1.8,-0.4,-2.2,0,13,4,350,34,71,0.479,13,36,0.361,21,35,0.6,0.57,29,33,0.879,9,33,42,21,6,4,14,16,110
351,Cam Reddish,SF,23,NYK,14,310,11.1,0.557,0.415,0.17,1.3,7.1,4.2,6.8,1.5,2.1,8.8,16.6,0,0.2,0.2,0.4,0.061,0,-1.6,-0.5,-2,0,14,6,310,48,106,0.453,15,44,0.341,33,62,0.532,0.524,16,18,0.889,4,21,25,15,10,7,11,23,127
352,Davon Reed,SG,27,DEN,9,52,-1.1,0.472,0.467,0.133,0,8.5,4.3,2.3,2.8,0,33.5,19.6,0,-0.2,0,-0.2,-0.174,0,-9.3,-2.7,-12,-0.1,9,0,52,5,15,0.333,4,7,0.571,1,8,0.125,0.467,1,2,0.5,0,4,4,1,3,0,8,5,15
353,Paul Reed,C,23,PHI,11,79,6.7,0.231,0.154,0,7.3,19,13.2,1.6,6.9,5.9,18.8,9.1,0,-0.2,0.2,0.1,0.035,0,-9.5,5.2,-4.4,0,11,0,79,3,13,0.231,0,2,0,3,11,0.273,0.231,0,0,0,5,13,18,1,11,5,3,20,6
354,Naz Reid,C,23,MIN,9,118,19.9,0.652,0.377,0.226,5.7,15.8,10.9,4.2,1.6,5.3,10.7,23.3,0,0.2,0.1,0.3,0.13,0,0.8,0.7,1.5,0.1,9,0,118,31,53,0.585,6,20,0.3,25,33,0.758,0.642,8,12,0.667,6,18,24,3,4,7,7,17,76
355,Nick Richards,C,25,CHO,15,286,21.7,0.687,0,0.588,15.3,17.7,16.5,6.5,0.2,3.7,10.1,17.5,0,1,0.2,1.2,0.208,0,1.4,-1.3,0.1,0.1,15,0,286,55,85,0.647,0,0,0,55,85,0.647,0.647,37,50,0.74,42,46,88,12,1,12,12,33,147
356,Josh Richardson,SG,29,SAS,14,328,10.5,0.549,0.574,0.254,1.3,9.9,5.5,18.2,1.3,0.5,16.1,20.4,0,0,0.1,0.1,0.018,0,-2.3,-2.4,-4.7,-0.2,14,2,328,49,122,0.402,25,70,0.357,24,52,0.462,0.504,26,31,0.839,4,28,32,43,9,2,26,28,149
357,Austin Rivers,SG,30,MIN,7,44,3.9,0.418,0.556,0.444,0,9.4,4.9,5.5,0,2,8.5,11.3,0,0,0,0,-0.018,0,-5.9,-1.9,-7.8,-0.1,7,0,44,2,9,0.222,1,5,0.2,1,4,0.25,0.278,4,4,1,0,4,4,2,0,1,1,1,9
358,Duncan Robinson,SF,28,MIA,14,246,7.4,0.493,0.747,0.11,1.4,13.6,7.3,10.8,0.2,0,6.8,18.3,0,0,0.1,0.1,0.018,0,-2.7,-2,-4.7,-0.2,14,0,246,32,91,0.352,21,68,0.309,11,23,0.478,0.467,9,10,0.9,3,28,31,18,1,0,7,24,94
359,Mitchell Robinson,C,24,NYK,8,174,18.1,0.664,0,0.424,16.5,13.9,15.2,6.2,0.8,9.6,11.3,10.5,0,0.4,0.2,0.7,0.18,0,-0.2,1.7,1.5,0.2,8,8,174,23,33,0.697,0,0,0,23,33,0.697,0.697,6,14,0.429,28,23,51,8,3,18,5,29,52
360,Jeremiah Robinson-Earl,PF,22,OKC,13,233,16.4,0.628,0.5,0.141,6.5,17.2,11.7,5.2,2.2,1.5,6.8,15.8,0,0.5,0.3,0.8,0.157,0,0.6,-0.1,0.5,0.2,13,10,233,40,78,0.513,17,39,0.436,23,39,0.59,0.622,7,11,0.636,15,37,52,9,11,4,6,27,104
361,Isaiah Roby,PF,24,SAS,10,102,11.5,0.451,0.353,0.324,4.2,19.3,11.5,16,2.3,2.4,9.3,17.4,0,0,0.1,0.1,0.025,0,-2.3,0.4,-1.9,0,10,0,102,14,34,0.412,3,12,0.25,11,22,0.5,0.456,4,11,0.364,4,17,21,12,5,3,4,8,35
362,David Roddy,PF,21,MEM,15,265,8.1,0.459,0.535,0.116,4.8,10.8,7.8,5,1.3,1.7,7.2,15.3,0,0,0.2,0.2,0.032,0,-3.2,-0.9,-4.1,-0.1,15,0,265,32,86,0.372,12,46,0.261,20,40,0.5,0.442,7,10,0.7,12,27,39,10,7,5,7,22,83
363,Ryan Rollins,PG,20,GSW,5,21,-1.5,0.676,0.375,0.25,0,15.5,8,13.7,0,0,44.1,31.9,0,-0.1,0,-0.1,-0.246,0,-13.2,-4.9,-18.1,-0.1,5,0,21,4,8,0.5,2,3,0.667,2,5,0.4,0.625,2,2,1,0,3,3,2,0,0,7,6,12
364,Derrick Rose,PG,34,NYK,14,186,11.5,0.483,0.402,0.08,2.2,11.9,7,24.3,1.3,1,15.1,23.5,0,-0.1,0.1,0,0.001,0,-1.3,-1.7,-3,-0.1,14,0,186,34,87,0.391,12,35,0.343,22,52,0.423,0.46,7,7,1,4,21,25,31,5,2,16,8,87
365,Terrence Ross,SG,31,ORL,13,343,9.4,0.558,0.519,0.083,2.1,9,5.8,8.5,1.1,0.8,11.8,16,0,0.1,0.2,0.4,0.052,0,-2.3,-0.5,-2.8,-0.1,13,8,343,48,108,0.444,23,56,0.411,25,52,0.481,0.551,6,9,0.667,6,29,35,20,8,3,15,28,125
366,Terry Rozier,PG,28,CHO,8,286,14.1,0.485,0.467,0.114,4.4,11.2,7.7,23.4,0.8,0.9,9.3,28.5,0,-0.1,0.2,0.1,0.016,0,1.7,-2.3,-0.6,0.1,8,8,286,64,167,0.383,26,78,0.333,38,89,0.427,0.461,16,19,0.842,12,29,41,41,5,3,18,11,170
367,D'Angelo Russell,PG,26,MIN,14,421,13.9,0.522,0.469,0.24,2.9,9.1,6.1,29.4,2,1.7,17.8,23.6,0,0,0.3,0.3,0.04,0,-0.1,-1,-1.1,0.1,14,14,421,72,175,0.411,27,82,0.329,45,93,0.484,0.489,31,42,0.738,11,37,48,87,18,8,42,28,202
368,Matt Ryan,SF,25,LAL,10,122,6.6,0.509,0.705,0.114,1.7,9.6,5.6,3.4,0.8,0,6.1,17,0,0,0.1,0,0.012,0,-3.2,-1.9,-5.2,-0.1,10,0,122,15,44,0.341,13,31,0.419,2,13,0.154,0.489,4,5,0.8,2,11,13,3,2,0,3,14,47
369,Domantas Sabonis,PF,26,SAC,13,412,23.3,0.634,0.096,0.575,9.3,31.7,20.6,29.1,1.4,1.4,14.1,22.2,0,1.5,0.5,1.9,0.225,0,3.2,2.1,5.3,0.8,13,13,412,84,146,0.575,3,14,0.214,81,132,0.614,0.586,61,84,0.726,32,111,143,82,12,7,30,51,232
370,Dario Šarić,PF,28,PHO,7,63,9.2,0.356,0.391,0.087,16,20.8,18.3,12.7,2.4,0,11.2,18.5,0,-0.1,0.1,0,0.024,0,-3.8,-1.2,-5,0,7,0,63,7,23,0.304,2,9,0.222,5,14,0.357,0.348,1,2,0.5,9,11,20,6,3,0,3,8,17
371,Jordan Schakel,SF,24,WAS,2,6,25.5,0.75,0.5,0,0,0,0,24.9,8.2,0,0,14.8,0,0,0,0,0.341,0,7.4,9.6,17,0,2,0,6,1,2,0.5,1,1,1,0,1,0,0.75,0,0,0,0,0,0,1,1,0,0,1,3
372,Admiral Schofield,PF,25,ORL,5,32,6.1,0.667,0.833,0,0,16.6,8.8,0,0,0,0,8.1,0,0,0,0.1,0.087,0,-4,-0.3,-4.4,0,5,0,32,3,6,0.5,2,5,0.4,1,1,1,0.667,0,0,0,0,5,5,0,0,0,0,5,8
373,Dereon Seabron,SG,22,NOP,2,3,0,0,0,0,0,0,0,0,0,0,0,0,0,0,0,0,0.008,0,-5.7,-3.3,-9,0,2,0,3,0,0,0,0,0,0,0,0,0,0,0,0,0,0,0,0,0,0,0,0,0,0
374,Alperen Şengün,C,20,HOU,12,318,22.8,0.643,0.123,0.525,13.9,21.9,17.7,12.2,1.2,3.1,14.3,22.5,0,0.9,0.2,1.1,0.17,0,1.9,-1.4,0.5,0.2,12,9,318,70,122,0.574,3,15,0.2,67,107,0.626,0.586,50,64,0.781,42,62,104,23,8,11,25,42,193
375,Collin Sexton,SG,24,UTA,16,349,15.5,0.58,0.297,0.419,4.3,9.4,6.8,13.3,1.5,0.2,12.4,24.9,0,0.5,0.3,0.8,0.105,0,-0.5,-1.2,-1.7,0,16,1,349,72,155,0.465,17,46,0.37,55,109,0.505,0.519,52,65,0.8,14,30,44,31,11,1,26,35,213
376,Landry Shamet,SG,25,PHO,9,146,10.4,0.565,0.66,0.26,1.5,3.3,2.4,10.4,1.7,0.6,12.6,19,0,0.1,0.1,0.2,0.065,0,-1.6,-1.1,-2.7,0,9,0,146,20,50,0.4,12,33,0.364,8,17,0.471,0.52,11,13,0.846,2,4,6,11,5,1,8,12,63
377,Day'Ron Sharpe,C,21,BRK,11,101,12,0.512,0.08,0.48,11.4,27.7,19.7,12.4,1.5,5.4,20.9,16.9,0,0,0.2,0.2,0.071,0,-5.1,0.6,-4.5,-0.1,11,0,101,11,25,0.44,1,2,0.5,10,23,0.435,0.46,8,12,0.667,10,25,35,9,3,6,8,22,31
378,Shaedon Sharpe,SG,19,POR,13,273,12.5,0.619,0.326,0.141,4.3,9.3,6.9,2.9,0.7,1.4,8.4,17.2,0,0.3,0.2,0.6,0.101,0,-1,-0.8,-1.8,0,13,4,273,49,92,0.533,14,30,0.467,35,62,0.565,0.609,9,13,0.692,10,23,33,5,4,4,9,27,121
379,Pascal Siakam,C,28,TOR,9,321,24.1,0.565,0.228,0.413,5.3,25.1,14.6,36.3,1.2,1.6,10.8,29.1,0,0.9,0.3,1.2,0.181,0,5.2,0.9,6.1,0.7,9,9,321,80,167,0.479,13,38,0.342,67,129,0.519,0.518,50,69,0.725,16,68,84,69,8,5,24,28,223
380,Ben Simmons,PG,26,BRK,10,266,10.7,0.488,0.019,0.327,4.3,21.5,13,28.8,2,1.7,27,13.7,0,0,0.3,0.3,0.051,0,-3.8,1.3,-2.6,0,10,6,266,25,52,0.481,0,1,0,25,51,0.49,0.481,8,17,0.471,10,51,61,56,11,5,22,37,58
381,Marko Simonovic,C,23,CHI,1,2,-19.1,0,1,0,0,0,0,0,0,0,0,21.4,0,0,0,0,-0.501,0,-19,-13.8,-32.8,0,1,0,2,0,1,0,0,1,0,0,0,0,0,0,0,0,0,0,0,0,0,0,0,0,0
382,Anfernee Simons,SG,23,POR,12,431,15.6,0.566,0.573,0.197,1.4,8,4.8,18.5,1,0.4,10.2,26.9,0,0.5,0.3,0.9,0.099,0,1.3,-1.4,-0.1,0.2,12,12,431,92,218,0.422,47,125,0.376,45,93,0.484,0.53,37,43,0.86,5,31,36,47,9,2,27,26,268
383,Jericho Sims,C,24,NYK,9,112,18.8,0.88,0,0.167,16.5,17.9,17.2,3.7,0.8,5,9.4,7.9,0,0.4,0.1,0.5,0.222,0,0.1,0,0.1,0.1,9,2,112,16,18,0.889,0,0,0,16,18,0.889,0.889,2,3,0.667,18,19,37,3,2,6,2,20,34
384,Marcus Smart,PG,28,BOS,14,458,13.1,0.534,0.529,0.213,1,9.9,5.5,29.2,1.7,0.7,13.4,16.5,0,0.7,0.3,1,0.103,0,-1.2,-0.2,-1.4,0.1,14,14,458,57,136,0.419,21,72,0.292,36,64,0.563,0.496,24,29,0.828,4,41,45,99,16,4,23,44,159
385,Dennis Smith Jr.,PG,25,CHO,13,383,14.9,0.508,0.224,0.088,2.4,10.9,6.6,30.5,3.2,1.8,13.9,16.6,0,0.2,0.5,0.7,0.092,0,-1.6,2,0.4,0.2,13,11,383,58,125,0.464,10,28,0.357,48,97,0.495,0.504,6,11,0.545,9,38,47,80,25,8,21,32,132
386,Dru Smith,SG,25,MIA,1,6,7.8,0.333,0.667,0,0,19.9,9.7,0,8.2,0,0,22,0,0,0,0,-0.045,0,-13.6,5.1,-8.5,0,1,0,6,1,3,0.333,0,2,0,1,1,1,0.333,0,0,0,0,1,1,0,1,0,0,1,2
387,Ish Smith,PG,34,DEN,5,23,-9.6,0.25,0.125,0,0,9.7,4.9,10.5,0,3.9,33.3,22.3,0,-0.2,0,-0.2,-0.338,0,-16,-4.8,-20.8,-0.1,5,0,23,2,8,0.25,0,1,0,2,7,0.286,0.25,0,0,0,0,2,2,2,0,1,4,4,4
388,Jabari Smith Jr.,PF,19,HOU,13,384,7.2,0.442,0.544,0.206,5.2,19.9,12.3,4.1,0.6,3.1,9.2,17.4,0,-0.3,0.2,-0.1,-0.01,0,-4.3,-2,-6.3,-0.4,13,13,384,43,136,0.316,22,74,0.297,21,62,0.339,0.397,23,28,0.821,19,68,87,11,5,13,15,47,131
389,Jalen Smith,PF,22,IND,12,286,12.3,0.534,0.434,0.212,8.1,26.6,17.4,6.6,0.3,2.9,13.3,20.3,0,0,0.2,0.2,0.036,0,-1.9,-1.8,-3.6,-0.1,12,12,286,50,113,0.442,16,49,0.327,34,64,0.531,0.513,16,24,0.667,21,70,91,13,2,9,19,27,132
390,Jeremy Sochan,PF,19,SAS,14,337,9.6,0.529,0.355,0.129,4.8,14.1,9.3,9.3,1.7,1.9,14,14.1,0,0,0.2,0.2,0.029,0,-3.5,-0.5,-4,-0.2,14,14,337,45,93,0.484,6,33,0.182,39,60,0.65,0.516,8,12,0.667,15,41,56,23,12,8,16,37,104
391,Jaden Springer,PG,20,PHI,2,4,53.8,0.644,0,0.667,29,28.8,28.9,0,0,23.1,0,43.8,0,0,0,0,0.47,0,11.2,7.2,18.4,0,2,0,4,2,3,0.667,0,0,0,2,3,0.667,0.667,1,2,0.5,1,1,2,0,0,1,0,1,5
392,Lamar Stevens,PF,25,CLE,4,53,10.8,0.567,0.133,0.533,4.4,11,7.7,2.7,0,1.8,5.1,16,0,0.1,0,0.1,0.118,0,-4.5,-2.3,-6.8,-0.1,4,1,53,7,15,0.467,0,2,0,7,13,0.538,0.467,7,8,0.875,2,5,7,1,0,1,1,6,21
393,Isaiah Stewart,C,21,DET,15,407,17.7,0.606,0.45,0.542,10.9,25.7,18.1,7.3,0.9,2.3,9.7,16.9,0,0.9,0.3,1.2,0.138,0,1.3,-1.1,0.2,0.2,15,15,407,57,120,0.475,18,54,0.333,39,66,0.591,0.55,48,65,0.738,43,97,140,19,8,11,16,45,180
394,Max Strus,SF,26,MIA,14,460,13,0.597,0.673,0.103,2.5,11.4,6.8,9.1,1.2,1.1,7.5,17.9,0,0.5,0.4,0.9,0.095,0,0.5,-0.6,-0.1,0.2,14,7,460,75,165,0.455,42,111,0.378,33,54,0.611,0.582,14,17,0.824,10,44,54,27,11,5,14,36,206
395,Jalen Suggs,PG,21,ORL,9,261,10.4,0.498,0.411,0.274,2.8,8.5,5.8,26.1,2.8,1.4,22,22.6,0,-0.3,0.3,0,0.005,0,-4.5,0,-4.5,-0.2,9,8,261,40,95,0.421,10,39,0.256,30,56,0.536,0.474,16,26,0.615,6,21,27,46,15,4,30,35,106
396,Edmond Sumner,SG,27,BRK,13,229,14.3,0.574,0.405,0.369,2,9.3,5.7,12.4,3,1.6,14.8,22.3,0,0.1,0.2,0.3,0.064,0,-2.1,0.1,-2.1,0,13,7,229,36,84,0.429,10,34,0.294,26,50,0.52,0.488,30,31,0.968,4,19,23,19,14,4,17,19,112
397,Cole Swider,SF,23,LAL,1,2,2.3,0,1,0,0,53.4,26.2,59.6,0,0,0,21,0,0,0,0,-0.259,0,-5.6,1.7,-3.9,0,1,0,2,0,1,0,0,1,0,0,0,0,0,0,0,0,0,1,1,1,0,0,0,0,0
398,Jae'Sean Tate,SF,27,HOU,3,68,13.5,0.574,0.25,0.2,12.4,8.2,10.4,22.1,2.1,0,18.7,16.1,0,0.1,0,0.1,0.093,0,-1.3,0.2,-1.1,0,3,2,68,10,20,0.5,2,5,0.4,8,15,0.533,0.55,3,4,0.75,8,5,13,10,3,0,5,15,25
399,Jayson Tatum,PF,24,BOS,14,525,27.1,0.641,0.454,0.433,2.4,19.5,11.1,17.4,1.2,3.2,8.6,32.1,0,1.9,0.6,2.4,0.222,0,7,0.2,7.3,1.2,14,14,525,144,293,0.491,49,133,0.368,95,160,0.594,0.575,110,127,0.866,11,93,104,54,13,20,33,31,447
400,Terry Taylor,SG,23,IND,8,94,7.6,0.417,0.381,0.19,7,10.4,8.7,6.7,1,3.9,4.2,10.3,0,0,0.1,0.1,0.04,0,-3.6,-0.6,-4.2,-0.1,8,2,94,7,21,0.333,2,8,0.25,5,13,0.385,0.381,3,4,0.75,6,9,15,5,2,4,1,9,19
401,Garrett Temple,SG,36,NOP,2,21,11,0.75,1,0,0,5.4,2.7,6,2.3,0,0,8.1,0,0,0,0.1,0.148,0,-0.4,0.5,0.1,0,2,0,21,2,4,0.5,2,4,0.5,0,0,0,0.75,0,0,0,0,1,1,1,1,0,0,2,6
402,Dalen Terry,SG,20,CHI,8,28,4.6,0.414,0.3,0.2,0,8.2,4,19.6,1.7,6.4,26.9,22.7,0,-0.1,0,-0.1,-0.118,0,-6.1,-0.5,-6.6,0,8,0,28,3,10,0.3,1,3,0.333,2,7,0.286,0.35,2,2,1,0,2,2,4,1,2,4,2,9
403,Cam Thomas,SG,21,BRK,10,195,14.5,0.541,0.236,0.528,0.6,9.8,5.2,17.4,2,0.9,10.1,22.6,0,0.2,0.1,0.3,0.072,0,-1.4,-0.6,-2,0,10,0,195,29,72,0.403,6,17,0.353,23,55,0.418,0.444,32,38,0.842,1,17,18,23,8,2,10,10,96
404,Klay Thompson,SG,32,GSW,11,314,8.5,0.467,0.631,0.071,1.1,11.8,6.6,12.3,0.9,1.4,9.4,25.7,0,-0.5,0.2,-0.3,-0.049,0,-2.7,-2.4,-5.1,-0.2,11,11,314,59,168,0.351,35,106,0.33,24,62,0.387,0.455,9,12,0.75,3,34,37,27,6,5,18,19,162
405,JT Thor,PF,20,CHO,13,143,6.4,0.417,0.526,0.237,5.8,15.4,10.5,7.4,1,3.1,17.7,15,0,-0.2,0.1,-0.1,-0.029,0,-4.9,-0.6,-5.5,-0.1,13,0,143,12,38,0.316,4,20,0.2,8,18,0.444,0.368,7,9,0.778,8,20,28,8,3,5,9,7,35
406,Matisse Thybulle,SG,25,PHI,13,170,6.7,0.353,0.593,0.111,2.7,10.8,6.8,6.2,3.8,2.7,6.6,8,0,-0.1,0.3,0.2,0.045,0,-5,3.3,-1.7,0,13,3,170,8,27,0.296,3,16,0.188,5,11,0.455,0.352,1,3,0.333,4,16,20,8,13,5,2,17,20
407,Xavier Tillman Sr.,PF,24,MEM,8,91,10.1,0.519,0.174,0.391,12.9,14,13.5,8.8,0,2,20.6,15.5,0,0,0.1,0,0.023,0,-3.3,-1.4,-4.8,-0.1,8,0,91,12,23,0.522,1,4,0.25,11,19,0.579,0.543,3,9,0.333,11,12,23,6,0,2,7,8,28
408,Isaiah Todd,PF,21,WAS,3,9,-0.1,0.333,0.667,0,0,0,0,0,0,0,0,14.8,0,0,0,0,-0.111,0,-6.8,-4.1,-10.9,0,3,0,9,1,3,0.333,0,2,0,1,1,1,0.333,0,0,0,0,0,0,0,0,0,0,0,2
409,Obi Toppin,PF,24,NYK,14,249,18.3,0.625,0.546,0.083,4.9,19,11.9,11,1.5,1.1,11.1,20.9,0,0.4,0.2,0.7,0.133,0,3.6,-0.3,3.3,0.3,14,0,249,53,108,0.491,25,59,0.424,28,49,0.571,0.606,9,9,1,12,45,57,18,8,3,14,13,140
410,Juan Toscano-Anderson,SF,29,LAL,10,123,3.7,0.478,0.44,0.2,0.8,17.4,9,5.4,1.2,2.1,22.7,12,0,-0.2,0.1,-0.1,-0.027,0,-7.4,0.1,-7.2,-0.2,10,0,123,10,25,0.4,2,11,0.182,8,14,0.571,0.44,4,5,0.8,1,20,21,5,3,3,8,17,26
411,Karl-Anthony Towns,PF,27,MIN,14,480,20.6,0.636,0.383,0.311,6.3,22.2,14.6,23.3,0.9,1.7,14.9,24.2,0,1.2,0.5,1.7,0.167,0,3.1,0.4,3.5,0.7,14,14,480,106,206,0.515,29,79,0.367,77,127,0.606,0.585,57,64,0.891,27,103,130,73,9,9,41,54,298
412,Gary Trent Jr.,SG,24,TOR,14,448,13.5,0.535,0.487,0.256,2.4,4.5,3.4,6.8,2.1,0.7,6.1,21.7,0,0.4,0.3,0.7,0.072,0,-0.7,-1.4,-2.1,0,14,14,448,81,195,0.415,31,95,0.326,50,100,0.5,0.495,39,50,0.78,10,17,27,20,19,3,14,18,232
413,P.J. Tucker,PF,37,PHI,14,398,7.3,0.697,0.511,0.085,5.2,12.5,8.9,3.7,1,1.6,23.5,7.2,0,0.2,0.4,0.6,0.073,0,-3.2,0,-3.2,-0.1,14,14,398,27,47,0.574,11,24,0.458,16,23,0.696,0.691,3,4,0.75,18,43,61,11,8,7,15,36,68
414,Myles Turner,C,26,IND,7,198,22.2,0.656,0.36,0.613,6.1,27.4,16.8,7.5,0.5,10.1,12,22.3,0,0.5,0.3,0.8,0.192,0,1.2,1.7,2.9,0.2,7,7,198,38,75,0.507,10,27,0.37,28,48,0.583,0.573,39,46,0.848,11,50,61,10,2,22,13,26,125
415,Jonas Valančiūnas,C,30,NOP,14,330,21.3,0.584,0.128,0.391,14.8,30.8,22.7,12.7,1,1.1,11.9,22.7,0,0.8,0.5,1.3,0.186,0,1.9,-0.8,1.1,0.3,14,14,330,66,133,0.496,6,17,0.353,60,116,0.517,0.519,44,52,0.846,44,90,134,29,7,4,21,32,182
416,Jarred Vanderbilt,PF,23,UTA,14,348,15.3,0.624,0.193,0.229,10.3,26,18.1,14,2.5,1.2,20.8,13.8,0,0.4,0.6,1,0.142,0,-1.2,2.1,0.8,0.2,14,14,348,48,83,0.578,7,16,0.438,41,67,0.612,0.62,11,19,0.579,33,83,116,36,18,5,24,49,114
417,Fred VanVleet,PG,28,TOR,10,365,19.5,0.567,0.565,0.238,1.7,10.1,5.7,27.5,3.1,1.9,7.9,20.4,0,0.9,0.4,1.3,0.174,0,3.9,1.4,5.3,0.7,10,10,365,60,147,0.408,35,83,0.422,25,64,0.391,0.527,29,35,0.829,6,31,37,68,23,7,14,24,184
418,Devin Vassell,SG,22,SAS,11,344,16.6,0.577,0.463,0.16,0.3,14.1,7,16.9,1.2,1.2,8.3,24.6,0,0.4,0.1,0.5,0.076,0,2.6,-1.5,1.1,0.3,11,9,344,80,175,0.457,34,81,0.42,46,94,0.489,0.554,22,28,0.786,1,42,43,37,9,5,17,14,216
419,Gabe Vincent,PG,26,MIA,14,362,10,0.529,0.555,0.202,1.2,9.2,5.1,17.1,1.8,0.6,13.4,18.2,0,0,0.3,0.3,0.046,0,-3.1,0,-3.1,-0.1,14,0,362,48,119,0.403,21,66,0.318,27,53,0.509,0.492,20,24,0.833,4,28,32,42,13,2,20,37,137
420,Noah Vonleh,C,27,BOS,12,127,7.7,0.578,0.105,0.105,14.3,17.4,15.8,4,0.8,3.9,31.2,10,0,0,0.1,0.2,0.066,0,-5.7,-0.3,-5.9,-0.1,12,1,127,10,19,0.526,1,2,0.5,9,17,0.529,0.553,2,2,1,16,20,36,4,2,6,9,27,23
421,Nikola Vučević,C,32,CHI,14,436,17.4,0.576,0.341,0.196,9.4,32.6,20.8,14.3,0.3,2.2,14.9,22.4,0,0.4,0.6,1,0.112,0,1,-0.2,0.8,0.3,14,14,436,84,179,0.469,24,61,0.393,60,118,0.508,0.536,32,35,0.914,37,124,161,40,3,11,34,34,224
422,Dean Wade,PF,26,CLE,11,251,12.2,0.716,0.706,0.216,2.3,14.4,8.4,6,1.2,1.5,6.7,10.3,0,0.5,0.3,0.8,0.162,0,0.6,2,2.6,0.3,11,4,251,27,51,0.529,18,36,0.5,9,15,0.6,0.706,8,11,0.727,5,31,36,11,6,4,4,27,80
423,Franz Wagner,SF,21,ORL,14,477,15.5,0.562,0.249,0.207,3.8,9.6,6.9,21.4,1.1,0.8,14.4,24.6,0,0.5,0.3,0.8,0.078,0,-0.2,-1.2,-1.4,0.1,14,14,477,105,213,0.493,13,53,0.245,92,160,0.575,0.523,38,44,0.864,15,43,58,62,11,4,39,31,261
424,Jabari Walker,SF,20,POR,8,72,15.3,0.586,0.294,0.353,8.2,23.1,15.9,16.4,0.7,1.3,9.2,13.2,0,0.2,0.1,0.2,0.166,0,0.2,1.3,1.5,0.1,8,0,72,9,17,0.529,1,5,0.2,8,12,0.667,0.559,4,6,0.667,5,15,20,8,1,1,2,6,23
425,Lonnie Walker IV,SG,24,LAL,11,342,14.7,0.576,0.389,0.222,1.5,6.9,4.1,8.7,1.7,1.7,7.1,20.9,0,0.3,0.3,0.6,0.084,0,-0.2,0.1,0,0.2,11,11,342,68,144,0.472,20,56,0.357,48,88,0.545,0.542,26,32,0.813,5,22,27,19,12,7,12,23,182
426,John Wall,PG,32,LAC,11,252,17.4,0.507,0.323,0.315,1.9,10.4,6.4,37,2.3,1.1,11.3,28.3,0,0.1,0.4,0.5,0.086,0,0.2,0.4,0.6,0.2,11,0,252,55,124,0.444,10,40,0.25,45,84,0.536,0.484,23,39,0.59,4,25,29,55,12,3,18,21,143
427,Duane Washington Jr.,SG,22,PHO,6,36,16,0.517,0.552,0,0,0,0,26.2,0,0,6.5,37.4,0,0,0,0,0.003,0,6.3,-5.2,1.1,0,6,0,36,12,29,0.414,6,16,0.375,6,13,0.462,0.517,0,0,0,0,0,0,5,0,0,2,1,30
428,P.J. Washington,PF,24,CHO,15,473,11.2,0.517,0.385,0.185,4.2,11.4,7.7,8.3,0.9,3,11,21.1,0,-0.1,0.4,0.3,0.026,0,-2.1,-1,-3.1,-0.1,15,15,473,83,195,0.426,24,75,0.32,59,120,0.492,0.487,28,36,0.778,19,49,68,26,9,16,26,42,218
429,TyTy Washington Jr.,PG,21,HOU,1,4,5.6,0.568,0,0,0,0,0,0,0,0,0,9,0,0,0,0,0.021,0,-4.2,-4.5,-8.7,0,1,0,4,0,0,0,0,0,0,0,0,0,0,1,2,0.5,0,0,0,0,0,0,0,0,1
430,Yuta Watanabe,SF,28,BRK,12,202,15.2,0.718,0.547,0.057,4.6,12.7,8.7,5.9,0.7,3.2,6.9,12.9,0,0.4,0.1,0.5,0.13,0,2.2,-1.1,1.1,0.2,12,0,202,31,53,0.585,15,29,0.517,16,24,0.667,0.726,1,3,0.333,8,23,31,8,3,7,4,13,78
431,Lindy Waters III,SG,25,OKC,2,16,-1.1,0.25,1,0,6.3,6.8,6.5,0,0,0,0,15.5,0,0,0,0,-0.128,0,-7.8,-5.7,-13.5,0,2,0,16,1,6,0.167,1,6,0.167,0,0,0,0.25,0,0,0,1,1,2,0,0,0,0,0,3
432,Trendon Watford,PF,22,POR,6,103,10.9,0.571,0.19,0.476,3.5,16.1,10,19.3,2.9,0,24,14.3,0,0,0.2,0.2,0.096,0,-4.3,3.2,-1.1,0,6,0,103,10,21,0.476,0,4,0,10,17,0.588,0.476,9,10,0.9,3,15,18,14,6,0,8,15,29
433,Peyton Watson,SG,20,DEN,4,9,15.8,0.429,0,0,25.2,12.3,18.7,0,0,0,0,33.2,0,0,0,0,-0.002,0,-1.4,-6.7,-8.1,0,4,0,9,3,7,0.429,0,0,0,3,7,0.429,0.429,0,0,0,2,1,3,0,0,0,0,1,6
434,Blake Wesley,SG,19,SAS,2,23,20.7,0.743,0.333,0.444,4.7,5,4.9,28.5,0,0,15.7,23,0,0.1,0,0.1,0.152,0,3.2,-1.7,1.5,0,2,0,23,6,9,0.667,2,3,0.667,4,6,0.667,0.778,2,4,0.5,1,1,2,4,0,0,2,3,16
435,Russell Westbrook,PG,34,LAL,12,352,16.2,0.522,0.321,0.315,4.1,15.8,9.8,37.8,1.9,1.2,19.3,27.8,0,-0.1,0.4,0.3,0.035,0,0.5,-0.5,0.1,0.2,12,3,352,68,165,0.412,18,53,0.34,50,112,0.446,0.467,42,52,0.808,14,52,66,86,14,5,45,32,196
436,Coby White,PG,22,CHI,7,153,7.5,0.483,0.618,0.164,0.7,8.2,4.4,11.2,1.6,0,9.2,18.1,0,-0.1,0.1,0,0.013,0,-4.4,-0.9,-5.3,-0.1,7,0,153,21,55,0.382,10,34,0.294,11,21,0.524,0.473,5,9,0.556,1,11,12,12,5,0,6,14,57
437,Derrick White,SG,28,BOS,14,358,13.4,0.576,0.51,0.245,2.5,11.4,7,16.1,1.4,2.8,6.9,14.3,0,0.7,0.3,1,0.128,0,0,0.9,0.9,0.3,14,10,358,42,98,0.429,20,50,0.4,22,48,0.458,0.531,21,24,0.875,8,37,45,43,10,12,8,40,125
438,Jack White,SF,25,DEN,2,4,15.6,0,0,0,0,27.8,14,0,11.9,0,0,0,0,0,0,0,0.176,0,-3.5,10.4,6.9,0,2,0,4,0,0,0,0,0,0,0,0,0,0,0,0,0,0,1,1,0,1,0,0,0,0
439,Aaron Wiggins,SG,24,OKC,11,228,10.4,0.532,0.37,0.259,4,16.6,10.1,11.4,1.2,1.5,13,12.5,0,0.1,0.2,0.4,0.079,0,-2.3,-0.2,-2.5,0,11,4,228,23,54,0.426,7,20,0.35,16,34,0.471,0.491,11,14,0.786,9,35,44,21,6,4,9,19,64
440,Andrew Wiggins,SF,27,GSW,13,434,17.3,0.593,0.428,0.166,5.6,13.5,9.7,10.6,1.9,2.7,7.8,21.2,0,0.7,0.4,1.1,0.123,0,1.5,0.2,1.7,0.4,13,13,434,92,187,0.492,31,80,0.388,61,107,0.57,0.575,23,31,0.742,21,54,75,31,18,13,17,37,238
441,Grant Williams,PF,24,BOS,13,367,14.2,0.759,0.614,0.314,3.1,16.5,9.9,8.3,1.2,1.8,10.1,10.6,0,0.9,0.3,1.2,0.157,0,0.9,1,1.9,0.4,13,5,367,41,70,0.586,21,43,0.488,20,27,0.741,0.736,18,22,0.818,10,55,65,23,9,8,9,34,121
442,Jalen Williams,SG,21,OKC,10,228,12,0.603,0.313,0.09,1.3,10.4,5.7,14.1,1.9,1.5,15.7,15,0,0.2,0.2,0.4,0.082,0,-2.9,0.6,-2.3,0,10,3,228,37,67,0.552,5,21,0.238,32,46,0.696,0.59,5,6,0.833,3,22,25,24,9,4,13,26,84
443,Jaylin Williams,PF,20,OKC,3,21,19.3,0.424,0.222,0.111,24,25.8,24.9,13.2,2.2,0,0,18.6,0,0,0,0.1,0.157,0,0.9,-0.6,0.3,0,3,0,21,4,9,0.444,0,2,0,4,7,0.571,0.444,0,1,0,5,5,10,2,1,0,0,3,8
444,Kenrich Williams,PF,28,OKC,13,266,12.6,0.528,0.338,0.132,9.1,11.8,10.4,10.5,1.6,0.7,5.3,11.8,0,0.4,0.2,0.6,0.115,0,-0.9,-0.5,-1.4,0,13,2,266,33,68,0.485,7,23,0.304,26,45,0.578,0.537,3,9,0.333,24,29,53,22,9,2,4,24,76
445,Mark Williams,C,21,CHO,3,13,28.1,0.661,0,0.429,32,33.9,32.9,0,0,0,19.4,33.5,0,0,0,0,0.185,0,1.3,-3.3,-1.9,0,3,0,13,4,7,0.571,0,0,0,4,7,0.571,0.571,3,3,1,4,4,8,0,0,0,2,3,11
446,Patrick Williams,PF,21,CHI,14,352,11.1,0.56,0.364,0.127,5.3,11.4,8.3,4.5,1.5,4,15.3,16.7,0,0,0.4,0.4,0.054,0,-2.3,0.3,-1.9,0,14,14,352,51,110,0.464,15,40,0.375,36,70,0.514,0.532,13,14,0.929,17,35,52,11,11,16,21,27,130
447,Vince Williams Jr.,SG,22,MEM,3,18,4.9,0.167,0.833,0,5.9,11.8,8.9,13.5,5.4,5.1,0,13.9,0,0,0,0,-0.023,0,-8.3,4.2,-4,0,3,0,18,1,6,0.167,0,5,0,1,1,1,0.167,0,0,0,1,2,3,2,2,1,0,4,2
448,Zion Williamson,PF,22,NOP,11,354,23.2,0.615,0.034,0.463,7.2,15,11,19.9,1.6,0.8,12.5,28.8,0,0.9,0.4,1.3,0.173,0,3.6,0.2,3.7,0.5,11,11,354,99,175,0.566,3,6,0.5,96,169,0.568,0.574,58,81,0.716,23,47,70,43,12,3,30,30,259
449,Justise Winslow,SF,26,POR,11,293,11.8,0.449,0.225,0.202,7.7,12.9,10.4,19.5,2.4,1.9,12.6,16.7,0,0,0.4,0.5,0.076,0,-2.4,1.9,-0.5,0.1,11,4,293,35,89,0.393,5,20,0.25,30,69,0.435,0.421,12,18,0.667,19,34,53,39,14,6,14,28,87
450,James Wiseman,C,21,GSW,11,147,15.9,0.614,0,0.451,8.6,22.9,16,11,0.3,2.4,11.6,19.9,0,0.3,0.1,0.4,0.131,0,-2.2,-0.4,-2.7,0,11,0,147,30,51,0.588,0,0,0,30,51,0.588,0.588,15,23,0.652,11,31,42,11,1,4,8,26,75
451,Christian Wood,PF,27,DAL,11,271,19.8,0.669,0.303,0.44,5.8,31,18.4,5.4,0.9,1.7,17.7,26.5,0,0.3,0.4,0.7,0.122,0,1,-1,0,0.1,11,0,271,64,109,0.587,15,33,0.455,49,76,0.645,0.656,31,48,0.646,13,69,82,8,5,5,28,30,174
452,Delon Wright,PG,30,WAS,4,91,16.9,0.496,0.5,0.208,5,7.1,6,19.7,5.9,3.9,13.2,14.7,0,0,0.2,0.3,0.133,0,0.1,6.4,6.5,0.2,4,0,91,10,24,0.417,3,12,0.25,7,12,0.583,0.479,3,5,0.6,4,6,10,13,11,4,4,5,26
453,McKinley Wright IV,PG,24,DAL,1,5,26.5,0.25,0.25,0,24.3,24.3,24.3,68.1,10.1,0,0,36.4,0,0,0,0,0.052,0,-0.5,6.9,6.5,0,1,0,5,1,4,0.25,0,1,0,1,3,0.333,0.25,0,0,0,1,1,2,2,1,0,0,0,2
454,Thaddeus Young,PF,34,TOR,12,166,15,0.532,0.25,0.278,10.8,13.6,12.1,13.9,3.5,1.2,12.9,11.8,0,0.2,0.2,0.5,0.133,0,-1.2,1.3,0,0.1,12,2,166,17,36,0.472,1,9,0.111,16,27,0.593,0.486,8,10,0.8,17,19,36,17,12,2,6,16,43
455,Trae Young,PG,24,ATL,13,456,20.2,0.516,0.333,0.378,2.5,6.9,4.7,39.4,1.1,0.4,12.2,35,0,0.6,0.3,0.9,0.095,0,5,-2.6,2.4,0.5,13,13,456,110,291,0.378,30,97,0.309,80,194,0.412,0.43,100,110,0.909,11,30,41,121,11,2,47,17,350
456,Ivica Zubac,C,25,LAC,15,457,15.6,0.62,0.01,0.505,10.8,27.1,19.5,7.1,0.9,6.4,20.9,15,0,0.4,0.9,1.3,0.134,0,-2.4,1.7,-0.6,0.2,15,15,457,59,99,0.596,0,1,0,59,98,0.602,0.596,32,50,0.64,41,118,159,22,8,32,32,43,150